Workbook

Sheet Form Responses 1
B2: Common Data Model MHTED Dashboard
B3: 1 | C3: 2 | D3: 3 | E3: 4 | F3: 5 | G3: 6 | H3: 7 | I3: 8 | J3: 9 | K3: 10 | L3: 11 | M3: 12 | N3: 13 | O3: 14 | P3: 15 | Q3: 16 | R3: 17 | S3: 18 | T3: 19 | U3: 20 | V3: 21 | W3: 22 | X3: 23 | Y3: 24 | Z3: 25 | AA3: 26 | AB3: 27 | AC3: 28 | AD3: 29 | AE3: 30 | AF3: 31 | AG3: 32 | AH3: 33 | AI3: 34 | AJ3: 35 | AK3: 36 | AL3: 37 | AM3: 38 | AN3: 39 | AO3: 40 | AP3: 41 | AQ3: 42 | AR3: 43 | AS3: 44 | AT3: 45
B4: Academic Year | C4: University AISHE Code | D4: University Name | E4: College Code (University's Internal Code) | F4: College Name | G4: College State | H4: College District | I4: College Taluka | J4: College City / Village Name | K4: College Pin Code | L4: Application Form No. | M4: Admission Date | N4: Gender (Male/Female/Transgender) | O4: Religion (Hindu,Muslim,Christian, Parsi,Buddhist,Sikh,jain, Jew) | P4: Category (EWS,Foreign National,General, Not Available,OBC,Others,PWD,SBC, SC, SEBC,ST,VJ, NT) | Q4: Cast Name (e.g Brahmin/Sonar/...) | R4: Admitted Category (EWS,Foreign National,General, Not Available,OBC,Others,PWD,SBC, SC, SEBC,ST,VJ, NT) | S4: Student Location Category (Rural/Urban) | T4: Student Country | U4: Student State | V4: Student District | W4: Student Taluka | X4: Student City / Village | Y4: Student Location Pin Code | Z4: University PRN | AA4: Student ID | AB4: pk_Receipt_ ID | AC4: Receipt Number | AD4: Receipt Amount | AE4: Physical Disability Enter the Disabilities of the Sttudents (Blindness,Low Vision,Hearing Impairment,Locomotor Disability,Leprosy Cured,Mental illness,Cerebral Palsy,Intellectual Disability,Muscular Dystrophy Parkinson's Disease,Acid Attack Victim,Sickle Cell Disease,Haemophilia,Thalassemia, Speech and Language Disabilities, Multiple Sclerosis,Specific Learning Disabilities,Chronic Neurological Conditions,Autism Spectrum Disorder Dwarfism) | AF4: Marital Status (Deserted,Divorced, Married, Unmarried, Widowed) | AG4: Medium of Appearance (Enter Medium of Appearance selected by students (MARATHI, ENGLISH, HINDI, SANSKRIT, URDU, ARABIC, UNJABI, GUJARAT, KONKANI, FRENCH, GERMAN, JAPANESE, SPANISH, RUSSIAN) | AH4: Medium of Instructions (Enter Medium of instructions selected by students (MARATHI, ENGLISH, HINDI, SANSKRIT, URDU, ARABIC, UNJABI, GUJARAT, KONKANI, FRENCH, GERMAN, JAPANESE, SPANISH, RUSSIAN, PALI) | AI4: Mode of Learning Regular / Online/ Open/ Distance/ Blended | AJ4: Program Code | AK4: Program Code (Name of the course under program type) | AL4: Specialization | AM4: Program Type (Phd./UG/PG/PGDM/Diploma/Certifications) | AN4: Program Part (First Year, Second Year, Third Year, Fourth Year, Fifth Year) | AO4: Program Term (Sem1, Sem.2, Sem 3, Sem 4, Sem 5, Sem 6, Sem 7, Sem 8,) | AP4: Eligibility Status (Provisional, Not Eligible, Eligible) | AQ4: Eligibility Date ( / / ) | AR4: All Documents Submitted (Yes or No) | AS4: Pending Documents Count (Number) (O, if null) | AT4: APAAR ID (ABC ID) (12 - digit number APAAR ID of students that is earlier known as ABC ID (123456789012))
B5: 2024-25 | D5: DR. BABASAHEB AMBEDKAR TECHNOLOGICAL UNIVERSITY, LONERE, RAIGAD | E5: EN-6036 | F5: Government College Of Engineering Kolhapur | G5: Maharashtra | H5: Kolhapur | I5: Karveer | J5: Kolhapur | K5: 416004
S9: ()

Sheet 6036
B1: Government College Of Engineering Kolhapur-6036
B2: Common Data Model MHTED Dashboard
B3: 1 | C3: 2 | D3: 3 | E3: 4 | F3: 5 | G3: 6 | H3: 7 | I3: 8 | J3: 9 | K3: 10 | L3: 11 | M3: 12 | N3: 13 | O3: 14 | P3: 15 | Q3: 16 | R3: 17 | S3: 18 | T3: 19 | U3: 20 | V3: 21 | W3: 22 | X3: 23 | Y3: 24 | Z3: 25 | AA3: 26 | AB3: 27 | AC3: 28 | AD3: 29 | AE3: 30 | AF3: 31 | AG3: 32 | AH3: 33 | AI3: 34 | AJ3: 35 | AK3: 36 | AL3: 37 | AM3: 38 | AN3: 39 | AO3: 40 | AP3: 41 | AQ3: 42 | AR3: 43 | AS3: 44 | AT3: 45
B4: Column1 | C4: Column2 | D4: Column3 | E4: Column4 | F4: Column5 | G4: Column6 | H4: Column7 | I4: Column8 | J4: Column9 | K4: Column10 | L4: Column11 | M4: Column12 | N4: Column13 | O4: Column14 | P4: Column15 | Q4: Column16 | R4: Column17 | S4: Column18 | T4: Column19 | U4: Column20 | V4: Column21 | W4: Column22 | X4: Column23 | Y4: Column24 | Z4: Column25 | AA4: Column26 | AB4: Column27 | AC4: Column28 | AD4: Column29 | AE4: Column30 | AF4: Column31 | AG4: Column32 | AH4: Column33 | AI4: Column34 | AJ4: Column35 | AK4: Column36 | AL4: Column37 | AM4: Column38 | AN4: Column39 | AO4: Column40 | AP4: Column41 | AQ4: Column42 | AR4: Column43 | AS4: Column44 | AT4: Column45
B5: Academic Year | C5: University AISHE Code | D5: University Name | E5: College Code (University's Internal Code) | F5: College Name | G5: College State | H5: College District | I5: College Taluka | J5: College City / Village Name | K5: College Pin Code | L5: Application Form No. | M5: Admission Date | N5: Gender (Male/Female/Transgender) | O5: Religion (Hindu,Muslim,Christian, Parsi,Buddhist,Sikh,jain, Jew) | P5: Category (EWS,Foreign National,General, Not Available,OBC,Others,PWD,SBC, SC, SEBC,ST,VJ, NT) | Q5: Cast Name (e.g Brahmin/Sonar/...) | R5: Admitted Category (EWS,Foreign National,General, Not Available,OBC,Others,PWD,SBC, SC, SEBC,ST,VJ, NT) | S5: Student Location Category (Rural/Urban) | T5: Student Country | U5: Student State | V5: Student District | W5: Student Taluka | X5: Student City / Village | Y5: Student Location Pin Code | Z5: University PRN | AA5: Student ID | AB5: pk_Receipt_ ID | AC5: Receipt Number | AD5: Receipt Amount | AE5: Physical Disability Enter the Disabilities of the Sttudents (Blindness,Low Vision,Hearing Impairment,Locomotor Disability,Leprosy Cured,Mental illness,Cerebral Palsy,Intellectual Disability,Muscular Dystrophy Parkinson's Disease,Acid Attack Victim,Sickle Cell Disease,Haemophilia,Thalassemia, Speech and Language Disabilities, Multiple Sclerosis,Specific Learning Disabilities,Chronic Neurological Conditions,Autism Spectrum Disorder Dwarfism) | AF5: Marital Status (Deserted,Divorced, Married, Unmarried, Widowed) | AG5: Medium of Appearance (Enter Medium of Appearance selected by students (MARATHI, ENGLISH, HINDI, SANSKRIT, URDU, ARABIC, UNJABI, GUJARAT, KONKANI, FRENCH, GERMAN, JAPANESE, SPANISH, RUSSIAN) | AH5: Medium of Instructions (Enter Medium of instructions selected by students (MARATHI, ENGLISH, HINDI, SANSKRIT, URDU, ARABIC, UNJABI, GUJARAT, KONKANI, FRENCH, GERMAN, JAPANESE, SPANISH, RUSSIAN, PALI) | AI5: Mode of Learning Regular / Online/ Open/ Distance/ Blended | AJ5: Program Code | AK5: Program Code (Name of the course under program type) | AL5: Specialization | AM5: Program Type (Phd./UG/PG/PGDM/Diploma/Certifications) | AN5: Program Part (First Year, Second Year, Third Year, Fourth Year, Fifth Year) | AO5: Program Term (Sem1, Sem.2, Sem 3, Sem 4, Sem 5, Sem 6, Sem 7, Sem 8,) | AP5: Eligibility Status (Provisional, Not Eligible, Eligible) | AQ5: Eligibility Date ( / / ) | AR5: All Documents Submitted (Yes or No) | AS5: Pending Documents Count (Number) (O, if null) | AT5: APAAR ID (ABC ID) (12 - digit number APAAR ID of students that is earlier known as ABC ID (123456789012))
B6: 2024-25 | C6: C-70713 | D6: DR. BABASAHEB AMBEDKAR TECHNOLOGICAL UNIVERSITY, LONERE, RAIGAD | E6: 6036 | F6: Government College Of Engineering Kolhapur | G6: Maharashtra | H6: Kolhapur | I6: Karveer | J6: Kolhapur | K6: 416004 | L6: EN23156538 | N6: Male | O6: Hindu | P6: Open | R6: EWS | S6: Rural | T6: India | U6: Maharashtra | V6: Sangli | W6: Walwa | X6: Uran Islampur (M Cl) | Y6: 415409 | Z6: 23060361242001 | AA6: 23149 | AB6: 2024-25/320 | AC6: 2024-25/320 | AD6: 17546/- | AE6: Not Applicable | AF6: Unmarried | AG6: English | AH6: English | AI6: Regular | AJ6: 11242 | AK6: Computer Science and Engineering | AM6: UG | AN6: Second Year | AO6: Sem 3,sem4 | AP6: Elligible | AQ6: 45509 | AR6: Yes | AS6: 0 | AT6: 605880265207
B7: 2024-25 | C7: C-70713 | D7: DR. BABASAHEB AMBEDKAR TECHNOLOGICAL UNIVERSITY, LONERE, RAIGAD | E7: 6036 | F7: Government College Of Engineering Kolhapur | G7: Maharashtra | H7: Kolhapur | I7: Karveer | J7: Kolhapur | K7: 416004 | L7: EN23270294 | N7: Male | O7: Hindu | P7: OBC | R7: GOBCO | S7: Rural | T7: India | U7: Maharashtra | V7: Jalgaon | W7: Dharangaon | X7: Rotwad | Y7: 425105 | Z7: 23060361242002 | AA7: 23146 | AB7: 2023-24/321 | AC7: 2023-24/321 | AD7: 10046/- | AE7: Not Applicable | AF7: Unmarried | AG7: English | AH7: English | AI7: Regular | AJ7: 11242 | AK7: Computer Science and Engineering | AM7: UG | AN7: Second Year | AO7: Sem 3,sem4 | AP7: Elligible | AQ7: 45509 | AR7: Yes | AS7: 0 | AT7: 836028351886
B8: 2024-25 | C8: C-70713 | D8: DR. BABASAHEB AMBEDKAR TECHNOLOGICAL UNIVERSITY, LONERE, RAIGAD | E8: 6036 | F8: Government College Of Engineering Kolhapur | G8: Maharashtra | H8: Kolhapur | I8: Karveer | J8: Kolhapur | K8: 416004 | L8: EN23253637 | N8: Male | O8: Hindu | P8: Open | R8: ACAP | S8: Rural | T8: India | U8: Maharashtra | V8: Raigad | W8: Khalapur | X8: Honad | Y8: 410203 | Z8: 23060361242003 | AA8: 23108 | AB8: 2024-25/321 | AC8: 2024-25/321 | AD8: 26046/- | AE8: Not Applicable | AF8: Unmarried | AG8: English | AH8: English | AI8: Regular | AJ8: 11242 | AK8: Computer Science and Engineering | AM8: UG | AN8: Second Year | AO8: Sem 3,sem4 | AP8: Elligible | AQ8: 45509 | AR8: Yes | AS8: 0 | AT8: 323555912835
B9: 2024-25 | C9: C-70713 | D9: DR. BABASAHEB AMBEDKAR TECHNOLOGICAL UNIVERSITY, LONERE, RAIGAD | E9: 6036 | F9: Government College Of Engineering Kolhapur | G9: Maharashtra | H9: Kolhapur | I9: Karveer | J9: Kolhapur | K9: 416004 | L9: EN23254563 | N9: Male | O9: Hindu | P9: ST | R9: GSTH | S9: Rural | T9: India | U9: Maharashtra | V9: Palghar | W9: Vikramgad | X9: Vasuri | Y9: 421303 | Z9: 23060361242004 | AA9: 23112 | AB9: 2023-24/322 | AC9: 2023-24/322 | AD9: 1621/- | AE9: Not Applicable | AF9: Unmarried | AG9: English | AH9: English | AI9: Regular | AJ9: 11242 | AK9: Computer Science and Engineering | AM9: UG | AN9: Second Year | AO9: Sem 3,sem4 | AP9: Elligible | AQ9: 45509 | AR9: Yes | AS9: 0 | AT9: 802817008651
B10: 2024-25 | C10: C-70713 | D10: DR. BABASAHEB AMBEDKAR TECHNOLOGICAL UNIVERSITY, LONERE, RAIGAD | E10: 6036 | F10: Government College Of Engineering Kolhapur | G10: Maharashtra | H10: Kolhapur | I10: Karveer | J10: Kolhapur | K10: 416004 | L10: EN23187082 | N10: Male | O10: Hindu | P10: NT 2 (NT-C) | R10: GNT2H | S10: Rural | T10: India | U10: Maharashtra | V10: Sangli | W10: Atpadi | X10: Banpuri | Y10: 415306 | Z10: 23060361242005 | AA10: 23154 | AB10: 2024-25/322 | AC10: 2024-25/322 | AD10: 0/- | AE10: Not Applicable | AF10: Unmarried | AG10: English | AH10: English | AI10: Regular | AJ10: 11242 | AK10: Computer Science and Engineering | AM10: UG | AN10: Second Year | AO10: Sem 3,sem4 | AP10: Elligible | AQ10: 45509 | AR10: Yes | AS10: 0 | AT10: 267273146627
B11: 2024-25 | C11: C-70713 | D11: DR. BABASAHEB AMBEDKAR TECHNOLOGICAL UNIVERSITY, LONERE, RAIGAD | E11: 6036 | F11: Government College Of Engineering Kolhapur | G11: Maharashtra | H11: Kolhapur | I11: Karveer | J11: Kolhapur | K11: 416004 | L11: EN23251094 | N11: Male | O11: Hindu | P11: Open | R11: GOPENO | S11: Rural | T11: India | U11: Maharashtra | V11: Solapur | W11: Pandharpur | X11: Bhose | Y11: 413315 | Z11: 23060361242006 | AA11: 23167 | AB11: 2023-24/323 | AC11: 2023-24/323 | AD11: 17546/- | AE11: Not Applicable | AF11: Unmarried | AG11: English | AH11: English | AI11: Regular | AJ11: 11242 | AK11: Computer Science and Engineering | AM11: UG | AN11: Second Year | AO11: Sem 3,sem4 | AP11: Elligible | AQ11: 45509 | AR11: Yes | AS11: 0 | AT11: 781639551721
B12: 2024-25 | C12: C-70713 | D12: DR. BABASAHEB AMBEDKAR TECHNOLOGICAL UNIVERSITY, LONERE, RAIGAD | E12: 6036 | F12: Government College Of Engineering Kolhapur | G12: Maharashtra | H12: Kolhapur | I12: Karveer | J12: Kolhapur | K12: 416004 | L12: EN23250898 | N12: Female | O12: Hindu | P12: Open | R12: EWS | S12: Urban | T12: India | U12: Maharashtra | V12: Kolhapur | W12: Karvir | X12: Kolhapur (M Corp.) | Y12: 416012 | Z12: 23060361242007 | AA12: 23115 | AB12: 2024-25/323 | AC12: 2024-25/323 | AD12: 17546/- | AE12: Not Applicable | AF12: Unmarried | AG12: English | AH12: English | AI12: Regular | AJ12: 11242 | AK12: Computer Science and Engineering | AM12: UG | AN12: Second Year | AO12: Sem 3,sem4 | AP12: Elligible | AQ12: 45509 | AR12: Yes | AS12: 0 | AT12: 351040668378
B13: 2024-25 | C13: C-70713 | D13: DR. BABASAHEB AMBEDKAR TECHNOLOGICAL UNIVERSITY, LONERE, RAIGAD | E13: 6036 | F13: Government College Of Engineering Kolhapur | G13: Maharashtra | H13: Kolhapur | I13: Karveer | J13: Kolhapur | K13: 416004 | L13: EN23125066 | N13: Male | O13: Muslim | P13: Open | R13: GOPENH | S13: Urban | T13: India | U13: Maharashtra | V13: Sangli | W13: Walwa | X13: Ashta (M Cl) | Y13: 416301 | Z13: 23060361242008 | AA13: 23114 | AB13: 2023-24/324 | AC13: 2023-24/324 | AD13: 17546/- | AE13: Not Applicable | AF13: Unmarried | AG13: English | AH13: English | AI13: Regular | AJ13: 11242 | AK13: Computer Science and Engineering | AM13: UG | AN13: Second Year | AO13: Sem 3,sem4 | AP13: Elligible | AQ13: 45509 | AR13: Yes | AS13: 0 | AT13: 660158417433
B14: 2024-25 | C14: C-70713 | D14: DR. BABASAHEB AMBEDKAR TECHNOLOGICAL UNIVERSITY, LONERE, RAIGAD | E14: 6036 | F14: Government College Of Engineering Kolhapur | G14: Maharashtra | H14: Kolhapur | I14: Karveer | J14: Kolhapur | K14: 416004 | L14: EN23165043 | N14: Male | O14: Hindu | P14: ST | R14: GSTH | S14: Urban | T14: India | U14: Maharashtra | V14: Chandrapur | W14: Chandrapur | X14: Chandrapur | Y14: 442401 | Z14: 23060361242009 | AA14: 23135 | AB14: 2024-25/324 | AC14: 2024-25/324 | AD14: 1621/- | AE14: Not Applicable | AF14: Unmarried | AG14: English | AH14: English | AI14: Regular | AJ14: 11242 | AK14: Computer Science and Engineering | AM14: UG | AN14: Second Year | AO14: Sem 3,sem4 | AP14: Elligible | AQ14: 45509 | AR14: Yes | AS14: 0 | AT14: 407782827857
B15: 2024-25 | C15: C-70713 | D15: DR. BABASAHEB AMBEDKAR TECHNOLOGICAL UNIVERSITY, LONERE, RAIGAD | E15: 6036 | F15: Government College Of Engineering Kolhapur | G15: Maharashtra | H15: Kolhapur | I15: Karveer | J15: Kolhapur | K15: 416004 | L15: EN23234429 | N15: Male | O15: Hindu | P15: OBC | R15: ACAP | S15: Rural | T15: India | U15: Maharashtra | V15: Aurangabad | W15: Aurangabad | X15: Aurangabad (M Corp.) | Y15: 431136 | Z15: 23060361242010 | AA15: 23136 | AB15: 2023-24/325 | AC15: 2023-24/325 | AD15: 25046/- | AE15: Not Applicable | AF15: Unmarried | AG15: English | AH15: English | AI15: Regular | AJ15: 11242 | AK15: Computer Science and Engineering | AM15: UG | AN15: Second Year | AO15: Sem 3,sem4 | AP15: Elligible | AQ15: 45509 | AR15: Yes | AS15: 0 | AT15: 641151883947
B16: 2024-25 | C16: C-70713 | D16: DR. BABASAHEB AMBEDKAR TECHNOLOGICAL UNIVERSITY, LONERE, RAIGAD | E16: 6036 | F16: Government College Of Engineering Kolhapur | G16: Maharashtra | H16: Kolhapur | I16: Karveer | J16: Kolhapur | K16: 416004 | L16: EN23245684 | N16: Female | O16: Hindu | P16: NT 2 (NT-C) | R16: LOPENH | S16: Rural | T16: India | U16: Maharashtra | V16: Sangli | W16: Jat | X16: Khairao | Y16: 416404 | Z16: 23060361242011 | AA16: 23106 | AB16: 2024-25/325 | AC16: 2024-25/325 | AD16: 10046/- | AE16: Not Applicable | AF16: Unmarried | AG16: English | AH16: English | AI16: Regular | AJ16: 11242 | AK16: Computer Science and Engineering | AM16: UG | AN16: Second Year | AO16: Sem 3,sem4 | AP16: Elligible | AQ16: 45509 | AR16: Yes | AS16: 0 | AT16: 230336667045
B17: 2024-25 | C17: C-70713 | D17: DR. BABASAHEB AMBEDKAR TECHNOLOGICAL UNIVERSITY, LONERE, RAIGAD | E17: 6036 | F17: Government College Of Engineering Kolhapur | G17: Maharashtra | H17: Kolhapur | I17: Karveer | J17: Kolhapur | K17: 416004 | L17: EN23258899 | N17: Male | O17: Hindu | P17: OBC | R17: PWDOPENH | S17: Urban | T17: India | U17: Maharashtra | V17: Buldhana | W17: Chikhli | X17: Chikhli (M Cl) | Y17: 443201 | Z17: 23060361242012 | AA17: 23104 | AB17: 2023-24/326 | AC17: 2023-24/326 | AD17: 10046/- | AE17: Low-Vision | AF17: Unmarried | AG17: English | AH17: English | AI17: Regular | AJ17: 11242 | AK17: Computer Science and Engineering | AM17: UG | AN17: Second Year | AO17: Sem 3,sem4 | AP17: Elligible | AQ17: 45509 | AR17: Yes | AS17: 0 | AT17: 298767095627
... B159: 2024-25 | C159: C-70713 | D159: DR. BABASAHEB AMBEDKAR TECHNOLOGICAL UNIVERSITY, LONERE, RAIGAD | E159: 6036 | F159: Government College Of Engineering Kolhapur | G159: Maharashtra | H159: Kolhapur | I159: Karveer | J159: Kolhapur | K159: 416004 | L159: EN23166695 | N159: Male | O159: Hindu | P159: NT 2 (NT-C) | R159: PWDOPENH | S159: Rural | T159: India | U159: Maharashtra | V159: Sangli | W159: Miraj | X159: Sangli Miraj Kupwad (M Corp.) | Y159: 416416 | Z159: 23060361293020 | AA159: 23429 | AB159: 2023-24/397 | AC159: 2023-24/397 | AD159: 10046/- | AE159: Not Applicable | AF159: Unmarried | AG159: English | AH159: English | AI159: Regular | AJ159: 11293 | AK159: Electrical Engineering | AM159: UG | AN159: Second Year | AO159: Sem 3,sem4 | AP159: Elligible | AQ159: 45509 | AR159: Yes | AS159: 0 | AT159: 189004584253
B160: 2024-25 | C160: C-70713 | D160: DR. BABASAHEB AMBEDKAR TECHNOLOGICAL UNIVERSITY, LONERE, RAIGAD | E160: 6036 | F160: Government College Of Engineering Kolhapur | G160: Maharashtra | H160: Kolhapur | I160: Karveer | J160: Kolhapur | K160: 416004 | L160: EN23125670 | N160: Male | O160: Hindu | P160: OBC | R160: LSTO | S160: Rural | T160: India | U160: Maharashtra | V160: Latur | W160: Shirur-Anantpal | X160: Sakol | Y160: 413544 | Z160: 23060361293021 | AA160: 23434 | AB160: 2024-25/397 | AC160: 2024-25/397 | AD160: 10046/- | AE160: Not Applicable | AF160: Unmarried | AG160: English | AH160: English | AI160: Regular | AJ160: 11293 | AK160: Electrical Engineering | AM160: UG | AN160: Second Year | AO160: Sem 3,sem4 | AP160: Not Elligible | AQ160: 45509 | AR160: Yes | AS160: 0
B161: 2024-25 | C161: C-70713 | D161: DR. BABASAHEB AMBEDKAR TECHNOLOGICAL UNIVERSITY, LONERE, RAIGAD | E161: 6036 | F161: Government College Of Engineering Kolhapur | G161: Maharashtra | H161: Kolhapur | I161: Karveer | J161: Kolhapur | K161: 416004 | L161: EN23188796 | N161: Male | O161: Hindu | P161: SC | R161: GSCO | S161: Rural | T161: India | U161: Maharashtra | V161: Latur | W161: Udgir | X161: Bhakaskheda | Y161: 413517 | Z161: 23060361293022 | AA161: 23425 | AB161: 2023-24/398 | AC161: 2023-24/398 | AD161: 10046/- | AE161: Not Applicable | AF161: Unmarried | AG161: English | AH161: English | AI161: Regular | AJ161: 11293 | AK161: Electrical Engineering | AM161: UG | AN161: Second Year | AO161: Sem 3,sem4 | AP161: Elligible | AQ161: 45509 | AR161: Yes | AS161: 0 | AT161: 873629757191
B162: 2024-25 | C162: C-70713 | D162: DR. BABASAHEB AMBEDKAR TECHNOLOGICAL UNIVERSITY, LONERE, RAIGAD | E162: 6036 | F162: Government College Of Engineering Kolhapur | G162: Maharashtra | H162: Kolhapur | I162: Karveer | J162: Kolhapur | K162: 416004 | L162: EN23208843 | N162: Male | O162: Hindu | P162: OBC | R162: GOBCH | S162: Rural | T162: India | U162: Maharashtra | V162: Aurangabad | W162: Aurangabad | X162: Pimpalgaon Pandhari | Y162: 431121 | Z162: 23060361293023 | AA162: 23422 | AB162: 2024-25/398 | AC162: 2024-25/398 | AD162: 1621/- | AE162: Not Applicable | AF162: Unmarried | AG162: English | AH162: English | AI162: Regular | AJ162: 11293 | AK162: Electrical Engineering | AM162: UG | AN162: Second Year | AO162: Sem 3,sem4 | AP162: Elligible | AQ162: 45509 | AR162: Yes | AS162: 0 | AT162: 360708739294
B163: 2024-25 | C163: C-70713 | D163: DR. BABASAHEB AMBEDKAR TECHNOLOGICAL UNIVERSITY, LONERE, RAIGAD | E163: 6036 | F163: Government College Of Engineering Kolhapur | G163: Maharashtra | H163: Kolhapur | I163: Karveer | J163: Kolhapur | K163: 416004 | L163: EN23223410 | N163: Male | O163: Hindu | P163: Open | R163: GSTH | S163: Rural | T163: India | U163: Maharashtra | V163: Kolhapur | W163: Kagal | X163: Sake | Y163: 416221 | Z163: 23060361293024 | AA163: 23401 | AB163: 2023-24/399 | AC163: 2023-24/399 | AD163: 10046/- | AE163: Not Applicable | AF163: Unmarried | AG163: English | AH163: English | AI163: Regular | AJ163: 11293 | AK163: Electrical Engineering | AM163: UG | AN163: Second Year | AO163: Sem 3,sem4 | AP163: Not Elligible | AQ163: 45509 | AR163: Yes | AS163: 0 | AT163: 608950228983
B164: 2024-25 | C164: C-70713 | D164: DR. BABASAHEB AMBEDKAR TECHNOLOGICAL UNIVERSITY, LONERE, RAIGAD | E164: 6036 | F164: Government College Of Engineering Kolhapur | G164: Maharashtra | H164: Kolhapur | I164: Karveer | J164: Kolhapur | K164: 416004 | L164: EN23223423 | N164: Male | O164: Hindu | P164: Open | R164: GSTH | S164: Rural | T164: India | U164: Maharashtra | V164: Jaunpur | W164: Not Applicable | X164: Not Applicable | Y164: 222170 | Z164: 23060361293025 | AA164: 23464 | AB164: 2024-25/399 | AC164: 2024-25/399 | AD164: 25046/- | AE164: Not Applicable | AF164: Unmarried | AG164: English | AH164: English | AI164: Regular | AJ164: 11293 | AK164: Electrical Engineering | AM164: UG | AN164: Second Year | AO164: Sem 3,sem4 | AP164: Elligible | AQ164: 45509 | AR164: Yes | AS164: 0 | AT164: 241698527714
B165: 2024-25 | C165: C-70713 | D165: DR. BABASAHEB AMBEDKAR TECHNOLOGICAL UNIVERSITY, LONERE, RAIGAD | E165: 6036 | F165: Government College Of Engineering Kolhapur | G165: Maharashtra | H165: Kolhapur | I165: Karveer | J165: Kolhapur | K165: 416004 | L165: EN23154576 | N165: Male | O165: Hindu | P165: OBC | R165: GOBCH | S165: Rural | T165: India | U165: Maharashtra | V165: Kolhapur | W165: Radhanagari | X165: Phejiwade | Y165: 416212 | Z165: 23060361293026 | AA165: 23416 | AB165: 2023-24/400 | AC165: 2023-24/400 | AD165: 10046/- | AE165: Not Applicable | AF165: Unmarried | AG165: English | AH165: English | AI165: Regular | AJ165: 11293 | AK165: Electrical Engineering | AM165: UG | AN165: Second Year | AO165: Sem 3,sem4 | AP165: Elligible | AQ165: 45509 | AR165: Yes | AS165: 0 | AT165: 181597049790
B166: 2024-25 | C166: C-70713 | D166: DR. BABASAHEB AMBEDKAR TECHNOLOGICAL UNIVERSITY, LONERE, RAIGAD | E166: 6036 | F166: Government College Of Engineering Kolhapur | G166: Maharashtra | H166: Kolhapur | I166: Karveer | J166: Kolhapur | K166: 416004 | L166: EN23155827 | N166: Male | O166: Hindu | P166: OBC | R166: GOBCO | S166: Rural | T166: India | U166: Maharashtra | V166: Nagpur | W166: Savner | X166: Bhanegaon | Y166: 441102 | Z166: 23060361293027 | AA166: 23412 | AB166: 2024-25/400 | AC166: 2024-25/400 | AD166: 10046/- | AE166: Not Applicable | AF166: Unmarried | AG166: English | AH166: English | AI166: Regular | AJ166: 11293 | AK166: Electrical Engineering | AM166: UG | AN166: Second Year | AO166: Sem 3,sem4 | AP166: Elligible | AQ166: 45509 | AR166: Yes | AS166: 0 | AT166: 595794677349
B167: 2024-25 | C167: C-70713 | D167: DR. BABASAHEB AMBEDKAR TECHNOLOGICAL UNIVERSITY, LONERE, RAIGAD | E167: 6036 | F167: Government College Of Engineering Kolhapur | G167: Maharashtra | H167: Kolhapur | I167: Karveer | J167: Kolhapur | K167: 416004 | L167: EN23193465 | N167: Female | O167: Hindu | P167: OBC | R167: GOBCO | S167: Urban | T167: India | U167: Maharashtra | V167: Solapur | W167: Pandharpur | X167: Pandharpur (M Cl) | Y167: 413304 | Z167: 23060361293028 | AA167: 23462 | AB167: 2023-24/401 | AC167: 2023-24/401 | AD167: 10046/- | AE167: Not Applicable | AF167: Unmarried | AG167: English | AH167: English | AI167: Regular | AJ167: 11293 | AK167: Electrical Engineering | AM167: UG | AN167: Second Year | AO167: Sem 3,sem4 | AP167: Elligible | AQ167: 45509 | AR167: Yes | AS167: 0 | AT167: 998886918164
B168: 2024-25 | C168: C-70713 | D168: DR. BABASAHEB AMBEDKAR TECHNOLOGICAL UNIVERSITY, LONERE, RAIGAD | E168: 6036 | F168: Government College Of Engineering Kolhapur | G168: Maharashtra | H168: Kolhapur | I168: Karveer | J168: Kolhapur | K168: 416004 | L168: EN23156522 | N168: Female | O168: Hindu | P168: Open | R168: LOPENH | S168: Rural | T168: India | U168: Maharashtra | V168: Sangli | W168: Palus | X168: Kundal | Y168: 416309 | Z168: 23060361293029 | AA168: 23432 | AB168: 2024-25/401 | AC168: 2024-25/401 | AD168: 17546/- | AE168: Not Applicable | AF168: Unmarried | AG168: English | AH168: English | AI168: Regular | AJ168: 11293 | AK168: Electrical Engineering | AM168: UG | AN168: Second Year | AO168: Sem 3,sem4 | AP168: Elligible | AQ168: 45509 | AR168: Yes | AS168: 0 | AT168: 503442678074
B169: 2024-25 | C169: C-70713 | D169: DR. BABASAHEB AMBEDKAR TECHNOLOGICAL UNIVERSITY, LONERE, RAIGAD | E169: 6036 | F169: Government College Of Engineering Kolhapur | G169: Maharashtra | H169: Kolhapur | I169: Karveer | J169: Kolhapur | K169: 416004 | L169: EN23149018 | N169: Female | O169: Hindu | P169: Open | R169: PWDOPENH | S169: Rural | T169: India | U169: Maharashtra | V169: Sangli | W169: Walwa | X169: Mirajwadi | Y169: 416301 | Z169: 23060361293030 | AA169: 23455 | AB169: 2023-24/402 | AC169: 2023-24/402 | AD169: 17546/- | AE169: Not Applicable | AF169: Unmarried | AG169: English | AH169: English | AI169: Regular | AJ169: 11293 | AK169: Electrical Engineering | AM169: UG | AN169: Second Year | AO169: Sem 3,sem4 | AP169: Elligible | AQ169: 45509 | AR169: Yes | AS169: 0 | AT169: 930906101291
B170: 2024-25 | C170: C-70713 | D170: DR. BABASAHEB AMBEDKAR TECHNOLOGICAL UNIVERSITY, LONERE, RAIGAD | E170: 6036 | F170: Government College Of Engineering Kolhapur | G170: Maharashtra | H170: Kolhapur | I170: Karveer | J170: Kolhapur | K170: 416004 | L170: EN23219719 | N170: Male | O170: Hindu | P170: Open | R170: GOPENH | S170: Rural | T170: India | U170: Maharashtra | V170: Sangli | W170: Tasgaon | X170: Savarde | Y170: 416408 | Z170: 23060361293031 | AA170: 23419 | AB170: 2024-25/402 | AC170: 2024-25/402 | AD170: 17546/- | AE170: Not Applicable | AF170: Unmarried | AG170: English | AH170: English | AI170: Regular | AJ170: 11293 | AK170: Electrical Engineering | AM170: UG | AN170: Second Year | AO170: Sem 3,sem4 | AP170: Elligible | AQ170: 45509 | AR170: Yes | AS170: 0 | AT170: 806310517432
B171: 2024-25 | C171: C-70713 | D171: DR. BABASAHEB AMBEDKAR TECHNOLOGICAL UNIVERSITY, LONERE, RAIGAD | E171: 6036 | F171: Government College Of Engineering Kolhapur | G171: Maharashtra | H171: Kolhapur | I171: Karveer | J171: Kolhapur | K171: 416004 | L171: EN23239733 | N171: Female | O171: Hindu | P171: SC | R171: LSCO | S171: Urban | T171: India | U171: Maharashtra | V171: Osmanabad | W171: Osmanabad | X171: Osmanabad | Y171: 413501 | Z171: 23060361293032 | AA171: 23417 | AB171: 2023-24/403 | AC171: 2023-24/403 | AD171: 1621/- | AE171: Not Applicable | AF171: Unmarried | AG171: English | AH171: English | AI171: Regular | AJ171: 11293 | AK171: Electrical Engineering | AM171: UG | AN171: Second Year | AO171: Sem 3,sem4 | AP171: Not Elligible | AQ171: 45509 | AR171: Yes | AS171: 0 | AT171: 656744872517
B172: 2024-25 | C172: C-70713 | D172: DR. BABASAHEB AMBEDKAR TECHNOLOGICAL UNIVERSITY, LONERE, RAIGAD | E172: 6036 | F172: Government College Of Engineering Kolhapur | G172: Maharashtra | H172: Kolhapur | I172: Karveer | J172: Kolhapur | K172: 416004 | L172: EN23163807 | N172: Female | O172: Buddhist | P172: SC | R172: LSCH | S172: Rural | T172: India | U172: Maharashtra | V172: Satara | W172: Karad | X172: Ving | Y172: 415122 | Z172: 23060361293033 | AA172: 23459 | AB172: 2024-25/403 | AC172: 2024-25/403 | AD172: 1621/- | AE172: Not Applicable | AF172: Unmarried | AG172: English | AH172: English | AI172: Regular | AJ172: 11293 | AK172: Electrical Engineering | AM172: UG | AN172: Second Year | AO172: Sem 3,sem4 | AP172: Elligible | AQ172: 45509 | AR172: Yes | AS172: 0 | AT172: 514286613258
... B192: 2024-25 | C192: C-70713 | D192: DR. BABASAHEB AMBEDKAR TECHNOLOGICAL UNIVERSITY, LONERE, RAIGAD | E192: 6036 | F192: Government College Of Engineering Kolhapur | G192: Maharashtra | H192: Kolhapur | I192: Karveer | J192: Kolhapur | K192: 416004 | L192: EN23205254 | N192: Male | O192: Hindu | P192: Open | R192: GOPENH | S192: Rural | T192: India | U192: Maharashtra | V192: Sangli | W192: Shirala | X192: Red | Y192: 415408 | Z192: 23060361293053 | AA192: 23423 | AB192: 2024-25/413 | AC192: 2024-25/413 | AD192: 10046/- | AE192: Not Applicable | AF192: Unmarried | AG192: English | AH192: English | AI192: Regular | AJ192: 11293 | AK192: Electrical Engineering | AM192: UG | AN192: Second Year | AO192: Sem 3,sem4 | AP192: Elligible | AQ192: 45509 | AR192: Yes | AS192: 0 | AT192: 437525703191
B193: 2024-25 | C193: C-70713 | D193: DR. BABASAHEB AMBEDKAR TECHNOLOGICAL UNIVERSITY, LONERE, RAIGAD | E193: 6036 | F193: Government College Of Engineering Kolhapur | G193: Maharashtra | H193: Kolhapur | I193: Karveer | J193: Kolhapur | K193: 416004 | L193: EN23193751 | N193: Male | O193: Hindu | P193: Open | R193: TFWS | S193: Rural | T193: India | U193: Maharashtra | V193: Kolhapur | W193: Shahuwadi | X193: Rethare | Y193: 416214 | Z193: 23060361293054 | AA193: 23405 | AB193: 2023-24/414 | AC193: 2023-24/414 | AE193: Not Applicable | AF193: Unmarried | AG193: English | AH193: English | AI193: Regular | AJ193: 11293 | AK193: Electrical Engineering | AM193: UG | AN193: Second Year | AO193: Sem 3,sem4 | AP193: Elligible | AQ193: 45509 | AR193: Yes | AS193: 0 | AT193: 889487254520
B194: 2024-25 | C194: C-70713 | D194: DR. BABASAHEB AMBEDKAR TECHNOLOGICAL UNIVERSITY, LONERE, RAIGAD | E194: 6036 | F194: Government College Of Engineering Kolhapur | G194: Maharashtra | H194: Kolhapur | I194: Karveer | J194: Kolhapur | K194: 416004 | L194: EN23128578 | N194: Female | O194: Hindu | P194: Open | R194: DEFOPENS | S194: Urban | T194: India | U194: Maharashtra | V194: Satara | W194: Karad | X194: Karad (M Cl) | Y194: 415124 | Z194: 23060361293055 | AA194: 23420 | AB194: 2024-25/414 | AC194: 2024-25/414 | AD194: 17546/- | AE194: Not Applicable | AF194: Unmarried | AG194: English | AH194: English | AI194: Regular | AJ194: 11293 | AK194: Electrical Engineering | AM194: UG | AN194: Second Year | AO194: Sem 3,sem4 | AP194: Elligible | AQ194: 45509 | AR194: Yes | AS194: 0 | AT194: 552915960282
B195: 2024-25 | C195: C-70713 | D195: DR. BABASAHEB AMBEDKAR TECHNOLOGICAL UNIVERSITY, LONERE, RAIGAD | E195: 6036 | F195: Government College Of Engineering Kolhapur | G195: Maharashtra | H195: Kolhapur | I195: Karveer | J195: Kolhapur | K195: 416004 | L195: EN23244599 | N195: Female | O195: Hindu | P195: Open | R195: LOPENH | S195: Rural | T195: India | U195: Maharashtra | V195: Satara | W195: Patan | X195: Nisare | Y195: 415205 | Z195: 23060361293056 | AA195: 23421 | AB195: 2023-24/415 | AC195: 2023-24/415 | AD195: 17546/- | AE195: Not Applicable | AF195: Unmarried | AG195: English | AH195: English | AI195: Regular | AJ195: 11293 | AK195: Electrical Engineering | AM195: UG | AN195: Second Year | AO195: Sem 3,sem4 | AP195: Elligible | AQ195: 45509 | AR195: Yes | AS195: 0 | AT195: 123607223938
B196: 2024-25 | C196: C-70713 | D196: DR. BABASAHEB AMBEDKAR TECHNOLOGICAL UNIVERSITY, LONERE, RAIGAD | E196: 6036 | F196: Government College Of Engineering Kolhapur | G196: Maharashtra | H196: Kolhapur | I196: Karveer | J196: Kolhapur | K196: 416004 | L196: EN23250182 | N196: Female | O196: Hindu | P196: Open | R196: LOPENO | S196: Rural | T196: India | U196: Maharashtra | V196: Solapur | W196: Barshi | X196: Kuslamb | Y196: 413401 | Z196: 23060361293057 | AA196: 23426 | AB196: 2024-25/415 | AC196: 2024-25/415 | AD196: 0/- | AE196: Not Applicable | AF196: Unmarried | AG196: English | AH196: English | AI196: Regular | AJ196: 11293 | AK196: Electrical Engineering | AM196: UG | AN196: Second Year | AO196: Sem 3,sem4 | AP196: Elligible | AQ196: 45509 | AR196: Yes | AS196: 0 | AT196: 541629007547
B197: 2024-25 | C197: C-70713 | D197: DR. BABASAHEB AMBEDKAR TECHNOLOGICAL UNIVERSITY, LONERE, RAIGAD | E197: 6036 | F197: Government College Of Engineering Kolhapur | G197: Maharashtra | H197: Kolhapur | I197: Karveer | J197: Kolhapur | K197: 416004 | L197: EN23272605 | N197: Male | O197: Hindu | P197: SBC | R197: GOPENH | S197: Rural | T197: India | U197: Maharashtra | V197: Kolhapur | W197: Hatkanangle | X197: Rukadi | Y197: 416118 | Z197: 23060361293058 | AA197: 23430 | AB197: 2023-24/416 | AC197: 2023-24/416 | AD197: 10046/- | AE197: Not Applicable | AF197: Unmarried | AG197: English | AH197: English | AI197: Regular | AJ197: 11293 | AK197: Electrical Engineering | AM197: UG | AN197: Second Year | AO197: Sem 3,sem4 | AP197: Elligible | AQ197: 45509 | AR197: Yes | AS197: 0 | AT197: 790613157226
B198: 2024-25 | C198: C-70713 | D198: DR. BABASAHEB AMBEDKAR TECHNOLOGICAL UNIVERSITY, LONERE, RAIGAD | E198: 6036 | F198: Government College Of Engineering Kolhapur | G198: Maharashtra | H198: Kolhapur | I198: Karveer | J198: Kolhapur | K198: 416004 | L198: EN23233209 | N198: Male | O198: Hindu | P198: Open | R198: GOPENH | S198: Rural | T198: India | U198: Maharashtra | V198: Sangli | W198: Kadegaon | X198: Sonkire | Y198: 415303 | Z198: 23060361293059 | AA198: 23448 | AB198: 2024-25/416 | AC198: 2024-25/416 | AD198: 17546/- | AE198: Not Applicable | AF198: Unmarried | AG198: English | AH198: English | AI198: Regular | AJ198: 11293 | AK198: Electrical Engineering | AM198: UG | AN198: Second Year | AO198: Sem 3,sem4 | AP198: Elligible | AQ198: 45509 | AR198: Yes | AS198: 0 | AT198: 341000789748
B199: 2024-25 | C199: C-70713 | D199: DR. BABASAHEB AMBEDKAR TECHNOLOGICAL UNIVERSITY, LONERE, RAIGAD | E199: 6036 | F199: Government College Of Engineering Kolhapur | G199: Maharashtra | H199: Kolhapur | I199: Karveer | J199: Kolhapur | K199: 416004 | L199: EN23166943 | N199: Female | O199: Hindu | P199: Open | R199: ACAP | S199: Urban | T199: India | U199: Maharashtra | V199: Sangli | W199: Tasgaon | X199: Tasgaon (M Cl) | Y199: 416312 | Z199: 23060361293060 | AA199: 23410 | AB199: 2023-24/417 | AC199: 2023-24/417 | AE199: Not Applicable | AF199: Unmarried | AG199: English | AH199: English | AI199: Regular | AJ199: 11293 | AK199: Electrical Engineering | AM199: UG | AN199: Second Year | AO199: Sem 3,sem4 | AP199: Elligible | AQ199: 45509 | AR199: Yes | AS199: 0 | AT199: 120056622255
B200: 2024-25 | C200: C-70713 | D200: DR. BABASAHEB AMBEDKAR TECHNOLOGICAL UNIVERSITY, LONERE, RAIGAD | E200: 6036 | F200: Government College Of Engineering Kolhapur | G200: Maharashtra | H200: Kolhapur | I200: Karveer | J200: Kolhapur | K200: 416004 | L200: EN23100065 | N200: Male | O200: Hindu | P200: OBC | R200: GOBCH | S200: Rural | T200: India | U200: Maharashtra | V200: Amravati | W200: Dhamangaon Railway | X200: Giroli | Y200: 442302 | Z200: 23060361293061 | AA200: 23411 | AB200: 2024-25/417 | AC200: 2024-25/417 | AE200: Not Applicable | AF200: Unmarried | AG200: English | AH200: English | AI200: Regular | AJ200: 11293 | AK200: Electrical Engineering | AM200: UG | AN200: Second Year | AO200: Sem 3,sem4 | AP200: Elligible | AQ200: 45509 | AR200: Yes | AS200: 0 | AT200: 281927412872
B201: 2024-25 | C201: C-70713 | D201: DR. BABASAHEB AMBEDKAR TECHNOLOGICAL UNIVERSITY, LONERE, RAIGAD | E201: 6036 | F201: Government College Of Engineering Kolhapur | G201: Maharashtra | H201: Kolhapur | I201: Karveer | J201: Kolhapur | K201: 416004 | L201: EN23233694 | N201: Male | O201: Hindu | P201: Open | R201: ACAP | S201: Urban | T201: India | U201: Maharashtra | V201: Kolhapur | W201: Shirol | X201: Shirol | Y201: 416103 | Z201: 23060361293062 | AA201: 23437 | AB201: 2023-24/418 | AC201: 2023-24/418 | AD201: 25046/- | AE201: Not Applicable | AF201: Unmarried | AG201: English | AH201: English | AI201: Regular | AJ201: 11293 | AK201: Electrical Engineering | AM201: UG | AN201: Second Year | AO201: Sem 3,sem4 | AP201: Elligible | AQ201: 45509 | AR201: Yes | AS201: 0 | AT201: 732560243744
B202: 2024-25 | C202: C-70713 | D202: DR. BABASAHEB AMBEDKAR TECHNOLOGICAL UNIVERSITY, LONERE, RAIGAD | E202: 6036 | F202: Government College Of Engineering Kolhapur | G202: Maharashtra | H202: Kolhapur | I202: Karveer | J202: Kolhapur | K202: 416004 | L202: EN23180967 | N202: Female | O202: Hindu | P202: SC | R202: GSCH | S202: Rural | T202: India | U202: Maharashtra | V202: Satara | W202: Satara | X202: Nagthane | Y202: 415519 | Z202: 23060361293063 | AA202: 23449 | AB202: 2024-25/418 | AC202: 2024-25/418 | AD202: 1621/- | AE202: Not Applicable | AF202: Unmarried | AG202: English | AH202: English | AI202: Regular | AJ202: 11293 | AK202: Electrical Engineering | AM202: UG | AN202: Second Year | AO202: Sem 3,sem4 | AP202: Elligible | AQ202: 45509 | AR202: Yes | AS202: 0 | AT202: 898578183763
B203: 2024-25 | C203: C-70713 | D203: DR. BABASAHEB AMBEDKAR TECHNOLOGICAL UNIVERSITY, LONERE, RAIGAD | E203: 6036 | F203: Government College Of Engineering Kolhapur | G203: Maharashtra | H203: Kolhapur | I203: Karveer | J203: Kolhapur | K203: 416004 | L203: EN23141820 | N203: Male | O203: Hindu | P203: Open | R203: TFWS | S203: Rural | T203: India | U203: Maharashtra | V203: Pune | W203: Haveli | X203: Uruli Kanchan | Y203: 412202 | Z203: 23060361293064 | AA203: 23458 | AB203: 2023-24/419 | AC203: 2023-24/419 | AE203: Not Applicable | AF203: Unmarried | AG203: English | AH203: English | AI203: Regular | AJ203: 11293 | AK203: Electrical Engineering | AM203: UG | AN203: Second Year | AO203: Sem 3,sem4 | AP203: Elligible | AQ203: 45509 | AR203: Yes | AS203: 0 | AT203: 682203517297
B204: 2024-25 | C204: C-70713 | D204: DR. BABASAHEB AMBEDKAR TECHNOLOGICAL UNIVERSITY, LONERE, RAIGAD | E204: 6036 | F204: Government College Of Engineering Kolhapur | G204: Maharashtra | H204: Kolhapur | I204: Karveer | J204: Kolhapur | K204: 416004 | L204: EN23223896 | N204: Female | O204: Hindu | P204: OBC | R204: LOBCH | S204: Rural | T204: India | U204: Maharashtra | V204: Kolhapur | W204: Hatkanangle | X204: Nagaon | Y204: 416122 | Z204: 23060361372001 | AA204: 23334 | AB204: 2024-25/419 | AC204: 2024-25/419 | AD204: 10046/- | AE204: Not Applicable | AF204: Unmarried | AG204: English | AH204: English | AI204: Regular | AJ204: 11372 | AK204: Electronics and Telecommunication Engg | AM204: UG | AN204: Second Year | AO204: Sem 3,sem4 | AP204: Elligible | AQ204: 45509 | AR204: Yes | AS204: 0 | AT204: 607797834594
B205: 2024-25 | C205: C-70713 | D205: DR. BABASAHEB AMBEDKAR TECHNOLOGICAL UNIVERSITY, LONERE, RAIGAD | E205: 6036 | F205: Government College Of Engineering Kolhapur | G205: Maharashtra | H205: Kolhapur | I205: Karveer | J205: Kolhapur | K205: 416004 | L205: EN23208855 | N205: Female | O205: Hindu | P205: Open | R205: EWS | S205: Rural | T205: India | U205: Maharashtra | V205: Satara | W205: Khatav | X205: Khatav | Y205: 415505 | Z205: 23060361372002 | AA205: 23325 | AB205: 2023-24/420 | AC205: 2023-24/420 | AD205: 17546/- | AE205: Not Applicable | AF205: Unmarried | AG205: English | AH205: English | AI205: Regular | AJ205: 11372 | AK205: Electronics and Telecommunication Engg | AM205: UG | AN205: Second Year | AO205: Sem 3,sem4 | AP205: Elligible | AQ205: 45509 | AR205: Yes | AS205: 0 | AT205: 501787905359
B206: 2024-25 | C206: C-70713 | D206: DR. BABASAHEB AMBEDKAR TECHNOLOGICAL UNIVERSITY, LONERE, RAIGAD | E206: 6036 | F206: Government College Of Engineering Kolhapur | G206: Maharashtra | H206: Kolhapur | I206: Karveer | J206: Kolhapur | K206: 416004 | L206: EN23271157 | N206: Female | O206: Hindu | P206: OBC | R206: GOBCO | S206: Rural | T206: India | U206: Maharashtra | V206: Ahmednagar | W206: Jamkhed | X206: Shiur | Y206: 413201 | Z206: 23060361372003 | AA206: 23351 | AB206: 2024-25/420 | AC206: 2024-25/420 | AD206: 10046/- | AE206: Not Applicable | AF206: Unmarried | AG206: English | AH206: English | AI206: Regular | AJ206: 11372 | AK206: Electronics and Telecommunication Engg | AM206: UG | AN206: Second Year | AO206: Sem 3,sem4 | AP206: Elligible | AQ206: 45509 | AR206: Yes | AS206: 0 | AT206: 324553695596
B207: 2024-25 | C207: C-70713 | D207: DR. BABASAHEB AMBEDKAR TECHNOLOGICAL UNIVERSITY, LONERE, RAIGAD | E207: 6036 | F207: Government College Of Engineering Kolhapur | G207: Maharashtra | H207: Kolhapur | I207: Karveer | J207: Kolhapur | K207: 416004 | L207: EN23120668 | N207: Female | O207: Hindu | P207: Open | R207: EWS | S207: Rural | T207: India | U207: Maharashtra | V207: Satara | W207: Patan | X207: Sonaichiwadi | Y207: 415209 | Z207: 23060361372004 | AA207: 23302 | AB207: 2023-24/421 | AC207: 2023-24/421 | AD207: 17546/- | AE207: Not Applicable | AF207: Unmarried | AG207: English | AH207: English | AI207: Regular | AJ207: 11372 | AK207: Electronics and Telecommunication Engg | AM207: UG | AN207: Second Year | AO207: Sem 3,sem4 | AP207: Elligible | AQ207: 45509 | AR207: Yes | AS207: 0 | AT207: 668560194477
B208: 2024-25 | C208: C-70713 | D208: DR. BABASAHEB AMBEDKAR TECHNOLOGICAL UNIVERSITY, LONERE, RAIGAD | E208: 6036 | F208: Government College Of Engineering Kolhapur | G208: Maharashtra | H208: Kolhapur | I208: Karveer | J208: Kolhapur | K208: 416004 | L208: EN23145666 | N208: Female | O208: Hindu | P208: OBC | R208: LOBCH | S208: Rural | T208: India | U208: Maharashtra | V208: Sangli | W208: Atpadi | X208: Atpadi | Y208: 415301 | Z208: 23060361372005 | AA208: 23318 | AB208: 2024-25/421 | AC208: 2024-25/421 | AD208: 10046/- | AE208: Not Applicable | AF208: Unmarried | AG208: English | AH208: English | AI208: Regular | AJ208: 11372 | AK208: Electronics and Telecommunication Engg | AM208: UG | AN208: Second Year | AO208: Sem 3,sem4 | AP208: Elligible | AQ208: 45509 | AR208: Yes | AS208: 0 | AT208: 911186021477
B209: 2024-25 | C209: C-70713 | D209: DR. BABASAHEB AMBEDKAR TECHNOLOGICAL UNIVERSITY, LONERE, RAIGAD | E209: 6036 | F209: Government College Of Engineering Kolhapur | G209: Maharashtra | H209: Kolhapur | I209: Karveer | J209: Kolhapur | K209: 416004 | L209: EN23225662 | N209: Male | O209: Hindu | P209: Open | R209: GOPENH | S209: Urban | T209: India | U209: Maharashtra | V209: Kolhapur | W209: Hatkanangle | X209: Ichalkaranji (M Cl) | Y209: 416115 | Z209: 23060361372006 | AA209: 23357 | AB209: 2023-24/422 | AC209: 2023-24/422 | AD209: 17546/- | AE209: Not Applicable | AF209: Unmarried | AG209: English | AH209: English | AI209: Regular | AJ209: 11372 | AK209: Electronics and Telecommunication Engg | AM209: UG | AN209: Second Year | AO209: Sem 3,sem4 | AP209: Elligible | AQ209: 45509 | AR209: Yes | AS209: 0 | AT209: 234018545757
B210: 2024-25 | C210: C-70713 | D210: DR. BABASAHEB AMBEDKAR TECHNOLOGICAL UNIVERSITY, LONERE, RAIGAD | E210: 6036 | F210: Government College Of Engineering Kolhapur | G210: Maharashtra | H210: Kolhapur | I210: Karveer | J210: Kolhapur | K210: 416004 | L210: EN23263695 | N210: Male | O210: Hindu | P210: Open | R210: GOPENH | S210: Rural | T210: India | U210: Maharashtra | V210: Kolhapur | W210: Hatkanangle | X210: Rendal | Y210: 416203 | Z210: 23060361372007 | AA210: 23348 | AB210: 2024-25/422 | AC210: 2024-25/422 | AD210: 17546/- | AE210: Not Applicable | AF210: Unmarried | AG210: English | AH210: English | AI210: Regular | AJ210: 11372 | AK210: Electronics and Telecommunication Engg | AM210: UG | AN210: Second Year | AO210: Sem 3,sem4 | AP210: Elligible | AQ210: 45509 | AR210: Yes | AS210: 0 | AT210: 958071603652
B211: 2024-25 | C211: C-70713 | D211: DR. BABASAHEB AMBEDKAR TECHNOLOGICAL UNIVERSITY, LONERE, RAIGAD | E211: 6036 | F211: Government College Of Engineering Kolhapur | G211: Maharashtra | H211: Kolhapur | I211: Karveer | J211: Kolhapur | K211: 416004 | L211: EN23123180 | N211: Female | O211: Hindu | P211: Open | R211: LOPENH | S211: Rural | T211: India | U211: Maharashtra | V211: Satara | W211: Karad | X211: Karad (rural) (CT) | Y211: 415539 | Z211: 23060361372008 | AA211: 23321 | AB211: 2023-24/423 | AC211: 2023-24/423 | AD211: 17546/- | AE211: Not Applicable | AF211: Unmarried | AG211: English | AH211: English | AI211: Regular | AJ211: 11372 | AK211: Electronics and Telecommunication Engg | AM211: UG | AN211: Second Year | AO211: Sem 3,sem4 | AP211: Elligible | AQ211: 45509 | AR211: Yes | AS211: 0 | AT211: 792498565871
B212: 2024-25 | C212: C-70713 | D212: DR. BABASAHEB AMBEDKAR TECHNOLOGICAL UNIVERSITY, LONERE, RAIGAD | E212: 6036 | F212: Government College Of Engineering Kolhapur | G212: Maharashtra | H212: Kolhapur | I212: Karveer | J212: Kolhapur | K212: 416004 | L212: EN23146533 | N212: Male | O212: Hindu | P212: SC | R212: GSCH | S212: Rural | T212: India | U212: Maharashtra | V212: Sangli | W212: Jat | X212: Jat | Y212: 416404 | Z212: 23060361372009 | AA212: 23301 | AB212: 2024-25/423 | AC212: 2024-25/423 | AD212: 1621/- | AE212: Not Applicable | AF212: Unmarried | AG212: English | AH212: English | AI212: Regular | AJ212: 11372 | AK212: Electronics and Telecommunication Engg | AM212: UG | AN212: Second Year | AO212: Sem 3,sem4 | AP212: Elligible | AQ212: 45509 | AR212: Yes | AS212: 0 | AT212: 372021089512
B213: 2024-25 | C213: C-70713 | D213: DR. BABASAHEB AMBEDKAR TECHNOLOGICAL UNIVERSITY, LONERE, RAIGAD | E213: 6036 | F213: Government College Of Engineering Kolhapur | G213: Maharashtra | H213: Kolhapur | I213: Karveer | J213: Kolhapur | K213: 416004 | L213: EN23250183 | N213: Male | O213: Hindu | P213: SBC | R213: GOBCH | S213: Rural | T213: India | U213: Maharashtra | V213: Satara | W213: Karad | X213: Umbraj | Y213: 415109 | Z213: 23060361372010 | AA213: 23366 | AB213: 2023-24/424 | AC213: 2023-24/424 | AD213: 10046/- | AE213: Not Applicable | AF213: Unmarried | AG213: English | AH213: English | AI213: Regular | AJ213: 11372 | AK213: Electronics and Telecommunication Engg | AM213: UG | AN213: Second Year | AO213: Sem 3,sem4 | AP213: Elligible | AQ213: 45509 | AR213: Yes | AS213: 0 | AT213: 947519219782
B214: 2024-25 | C214: C-70713 | D214: DR. BABASAHEB AMBEDKAR TECHNOLOGICAL UNIVERSITY, LONERE, RAIGAD | E214: 6036 | F214: Government College Of Engineering Kolhapur | G214: Maharashtra | H214: Kolhapur | I214: Karveer | J214: Kolhapur | K214: 416004 | L214: EN23151859 | N214: Female | O214: Hindu | P214: Open | R214: LOPENO | S214: Rural | T214: India | U214: Maharashtra | V214: Solapur | W214: Barshi | X214: Nari (Bhandewadi) | Y214: 413404 | Z214: 23060361372011 | AA214: 23358 | AB214: 2024-25/424 | AC214: 2024-25/424 | AD214: 17546/- | AE214: Not Applicable | AF214: Unmarried | AG214: English | AH214: English | AI214: Regular | AJ214: 11372 | AK214: Electronics and Telecommunication Engg | AM214: UG | AN214: Second Year | AO214: Sem 3,sem4 | AP214: Elligible | AQ214: 45509 | AR214: Yes | AS214: 0 | AT214: 893559170033
B215: 2024-25 | C215: C-70713 | D215: DR. BABASAHEB AMBEDKAR TECHNOLOGICAL UNIVERSITY, LONERE, RAIGAD | E215: 6036 | F215: Government College Of Engineering Kolhapur | G215: Maharashtra | H215: Kolhapur | I215: Karveer | J215: Kolhapur | K215: 416004 | L215: EN23260623 | N215: Male | O215: Hindu | P215: OBC | R215: PWDOPENH | S215: Urban | T215: India | U215: Maharashtra | V215: Sangli | W215: Miraj | X215: Sangli Miraj Kupwad (M Corp.) | Y215: 416410 | Z215: 23060361372012 | AA215: 23327 | AB215: 2023-24/425 | AC215: 2023-24/425 | AD215: 10046/- | AE215: Not Applicable | AF215: Unmarried | AG215: English | AH215: English | AI215: Regular | AJ215: 11372 | AK215: Electronics and Telecommunication Engg | AM215: UG | AN215: Second Year | AO215: Sem 3,sem4 | AP215: Elligible | AQ215: 45509 | AR215: Yes | AS215: 0 | AT215: 874781862625
B216: 2024-25 | C216: C-70713 | D216: DR. BABASAHEB AMBEDKAR TECHNOLOGICAL UNIVERSITY, LONERE, RAIGAD | E216: 6036 | F216: Government College Of Engineering Kolhapur | G216: Maharashtra | H216: Kolhapur | I216: Karveer | J216: Kolhapur | K216: 416004 | L216: EN23136385 | N216: Male | O216: Hindu | P216: Open | R216: GOPENH | S216: Rural | T216: India | U216: Maharashtra | V216: Satara | W216: Karad | X216: Tambave | Y216: 415114 | Z216: 23060361372013 | AA216: 23344 | AB216: 2024-25/425 | AC216: 2024-25/425 | AE216: Not Applicable | AF216: Unmarried | AG216: English | AH216: English | AI216: Regular | AJ216: 11372 | AK216: Electronics and Telecommunication Engg | AM216: UG | AN216: Second Year | AO216: Sem 3,sem4 | AP216: Elligible | AQ216: 45509 | AR216: Yes | AS216: 0 | AT216: 131483873654
B217: 2024-25 | C217: C-70713 | D217: DR. BABASAHEB AMBEDKAR TECHNOLOGICAL UNIVERSITY, LONERE, RAIGAD | E217: 6036 | F217: Government College Of Engineering Kolhapur | G217: Maharashtra | H217: Kolhapur | I217: Karveer | J217: Kolhapur | K217: 416004 | L217: EN23146019 | N217: Male | O217: Hindu | P217: Open | R217: ACAP | S217: Rural | T217: India | U217: Maharashtra | V217: Sangli | W217: Walwa | X217: Kapuskhed | Y217: 415409 | Z217: 23060361372014 | AA217: 23343 | AB217: 2023-24/426 | AC217: 2023-24/426 | AD217: 26046/- | AE217: Not Applicable | AF217: Unmarried | AG217: English | AH217: English | AI217: Regular | AJ217: 11372 | AK217: Electronics and Telecommunication Engg | AM217: UG | AN217: Second Year | AO217: Sem 3,sem4 | AP217: Elligible | AQ217: 45509 | AR217: Yes | AS217: 0 | AT217: 141011919228
B218: 2024-25 | C218: C-70713 | D218: DR. BABASAHEB AMBEDKAR TECHNOLOGICAL UNIVERSITY, LONERE, RAIGAD | E218: 6036 | F218: Government College Of Engineering Kolhapur | G218: Maharashtra | H218: Kolhapur | I218: Karveer | J218: Kolhapur | K218: 416004 | L218: EN23266015 | N218: Female | O218: Hindu | P218: Open | R218: LOPENH | S218: Urban | T218: India | U218: Maharashtra | V218: Kolhapur | W218: Karvir | X218: Kolhapur (M Corp.) | Y218: 416005 | Z218: 23060361372015 | AA218: 23319 | AB218: 2024-25/426 | AC218: 2024-25/426 | AD218: 17546/- | AE218: Not Applicable | AF218: Unmarried | AG218: English | AH218: English | AI218: Regular | AJ218: 11372 | AK218: Electronics and Telecommunication Engg | AM218: UG | AN218: Second Year | AO218: Sem 3,sem4 | AP218: Elligible | AQ218: 45509 | AR218: Yes | AS218: 0 | AT218: 144566668195
B219: 2024-25 | C219: C-70713 | D219: DR. BABASAHEB AMBEDKAR TECHNOLOGICAL UNIVERSITY, LONERE, RAIGAD | E219: 6036 | F219: Government College Of Engineering Kolhapur | G219: Maharashtra | H219: Kolhapur | I219: Karveer | J219: Kolhapur | K219: 416004 | L219: EN23128672 | N219: Male | O219: Hindu | P219: Open | R219: GOPENH | S219: Rural | T219: India | U219: Maharashtra | V219: Sangli | W219: Tasgaon | X219: Waifale | Y219: 416312 | Z219: 23060361372016 | AA219: 23338 | AB219: 2023-24/427 | AC219: 2023-24/427 | AD219: 17546/- | AE219: Not Applicable | AF219: Unmarried | AG219: English | AH219: English | AI219: Regular | AJ219: 11372 | AK219: Electronics and Telecommunication Engg | AM219: UG | AN219: Second Year | AO219: Sem 3,sem4 | AP219: Elligible | AQ219: 45509 | AR219: Yes | AS219: 0 | AT219: 971470330714
B220: 2024-25 | C220: C-70713 | D220: DR. BABASAHEB AMBEDKAR TECHNOLOGICAL UNIVERSITY, LONERE, RAIGAD | E220: 6036 | F220: Government College Of Engineering Kolhapur | G220: Maharashtra | H220: Kolhapur | I220: Karveer | J220: Kolhapur | K220: 416004 | L220: EN23265168 | N220: Male | O220: Hindu | P220: Open | R220: ACAP | S220: Urban | T220: India | U220: Maharashtra | V220: Kolhapur | W220: Karvir | X220: Kolhapur (M Corp.) | Y220: 416007 | Z220: 23060361372017 | AA220: 23352 | AB220: 2024-25/427 | AC220: 2024-25/427 | AD220: 25046/- | AE220: Not Applicable | AF220: Unmarried | AG220: English | AH220: English | AI220: Regular | AJ220: 11372 | AK220: Electronics and Telecommunication Engg | AM220: UG | AN220: Second Year | AO220: Sem 3,sem4 | AP220: Elligible | AQ220: 45509 | AR220: Yes | AS220: 0 | AT220: 393775432516
B221: 2024-25 | C221: C-70713 | D221: DR. BABASAHEB AMBEDKAR TECHNOLOGICAL UNIVERSITY, LONERE, RAIGAD | E221: 6036 | F221: Government College Of Engineering Kolhapur | G221: Maharashtra | H221: Kolhapur | I221: Karveer | J221: Kolhapur | K221: 416004 | L221: EN23230685 | N221: Female | O221: Hindu | P221: Open | R221: ACAP | S221: Rural | T221: India | U221: Maharashtra | V221: Kolhapur | W221: Karvir | X221: Hanmantwadi | Y221: 416010 | Z221: 23060361372018 | AA221: 23320 | AB221: 2023-24/428 | AC221: 2023-24/428 | AD221: 25046/- | AE221: Not Applicable | AF221: Unmarried | AG221: English | AH221: English | AI221: Regular | AJ221: 11372 | AK221: Electronics and Telecommunication Engg | AM221: UG | AN221: Second Year | AO221: Sem 3,sem4 | AP221: Elligible | AQ221: 45509 | AR221: Yes | AS221: 0 | AT221: 482705038412
B222: 2024-25 | C222: C-70713 | D222: DR. BABASAHEB AMBEDKAR TECHNOLOGICAL UNIVERSITY, LONERE, RAIGAD | E222: 6036 | F222: Government College Of Engineering Kolhapur | G222: Maharashtra | H222: Kolhapur | I222: Karveer | J222: Kolhapur | K222: 416004 | L222: EN23214809 | N222: Female | O222: Hindu | P222: Open | R222: ACAP | S222: Rural | T222: India | U222: Maharashtra | V222: Kolhapur | W222: Karvir | X222: Walivade | Y222: 416119 | Z222: 23060361372019 | AA222: 23354 | AB222: 2024-25/428 | AC222: 2024-25/428 | AD222: 25046/- | AE222: Not Applicable | AF222: Unmarried | AG222: English | AH222: English | AI222: Regular | AJ222: 11372 | AK222: Electronics and Telecommunication Engg | AM222: UG | AN222: Second Year | AO222: Sem 3,sem4 | AP222: Elligible | AQ222: 45509 | AR222: Yes | AS222: 0 | AT222: 964840029121
B223: 2024-25 | C223: C-70713 | D223: DR. BABASAHEB AMBEDKAR TECHNOLOGICAL UNIVERSITY, LONERE, RAIGAD | E223: 6036 | F223: Government College Of Engineering Kolhapur | G223: Maharashtra | H223: Kolhapur | I223: Karveer | J223: Kolhapur | K223: 416004 | L223: EN23104385 | N223: Male | O223: Hindu | P223: OBC | R223: GOPENH | S223: Rural | T223: India | U223: Maharashtra | V223: Kolhapur | W223: Panhala | X223: Devthane | Y223: 416205 | Z223: 23060361372020 | AA223: 23336 | AB223: 2023-24/429 | AC223: 2023-24/429 | AD223: 10046/- | AE223: Not Applicable | AF223: Unmarried | AG223: English | AH223: English | AI223: Regular | AJ223: 11372 | AK223: Electronics and Telecommunication Engg | AM223: UG | AN223: Second Year | AO223: Sem 3,sem4 | AP223: Elligible | AQ223: 45509 | AR223: Yes | AS223: 0 | AT223: 627037218739
B224: 2024-25 | C224: C-70713 | D224: DR. BABASAHEB AMBEDKAR TECHNOLOGICAL UNIVERSITY, LONERE, RAIGAD | E224: 6036 | F224: Government College Of Engineering Kolhapur | G224: Maharashtra | H224: Kolhapur | I224: Karveer | J224: Kolhapur | K224: 416004 | L224: EN23178400 | N224: Male | O224: Hindu | P224: OBC | R224: GOBCH | S224: Rural | T224: India | U224: Maharashtra | V224: Sangli | W224: Miraj | X224: Bedag | Y224: 416410 | Z224: 23060361372021 | AA224: 23333 | AB224: 2024-25/429 | AC224: 2024-25/429 | AD224: 10046/- | AE224: Not Applicable | AF224: Unmarried | AG224: English | AH224: English | AI224: Regular | AJ224: 11372 | AK224: Electronics and Telecommunication Engg | AM224: UG | AN224: Second Year | AO224: Sem 3,sem4 | AP224: Elligible | AQ224: 45509 | AR224: Yes | AS224: 0 | AT224: 922402740568
B225: 2024-25 | C225: C-70713 | D225: DR. BABASAHEB AMBEDKAR TECHNOLOGICAL UNIVERSITY, LONERE, RAIGAD | E225: 6036 | F225: Government College Of Engineering Kolhapur | G225: Maharashtra | H225: Kolhapur | I225: Karveer | J225: Kolhapur | K225: 416004 | L225: EN23218931 | N225: Male | O225: Jain | P225: Open | R225: GOPENH | S225: Urban | T225: India | U225: Maharashtra | V225: Kolhapur | W225: Hatkanangle | X225: Ichalkaranji (M Cl) | Y225: 416115 | Z225: 23060361372022 | AA225: 23337 | AB225: 2023-24/430 | AC225: 2023-24/430 | AD225: 17546/- | AE225: Not Applicable | AF225: Unmarried | AG225: English | AH225: English | AI225: Regular | AJ225: 11372 | AK225: Electronics and Telecommunication Engg | AM225: UG | AN225: Second Year | AO225: Sem 3,sem4 | AP225: Elligible | AQ225: 45509 | AR225: Yes | AS225: 0 | AT225: 990231461881
B226: 2024-25 | C226: C-70713 | D226: DR. BABASAHEB AMBEDKAR TECHNOLOGICAL UNIVERSITY, LONERE, RAIGAD | E226: 6036 | F226: Government College Of Engineering Kolhapur | G226: Maharashtra | H226: Kolhapur | I226: Karveer | J226: Kolhapur | K226: 416004 | L226: EN23167750 | N226: Female | O226: Hindu | P226: NT 2 (NT-C) | R226: LNT2H | S226: Rural | T226: India | U226: Maharashtra | V226: Kolhapur | W226: Kagal | X226: Kaulage | Y226: 416235 | Z226: 23060361372023 | AA226: 23364 | AB226: 2024-25/430 | AC226: 2024-25/430 | AD226: 10046/- | AE226: Not Applicable | AF226: Unmarried | AG226: English | AH226: English | AI226: Regular | AJ226: 11372 | AK226: Electronics and Telecommunication Engg | AM226: UG | AN226: Second Year | AO226: Sem 3,sem4 | AP226: Elligible | AQ226: 45509 | AR226: Yes | AS226: 0 | AT226: 960888462782
B227: 2024-25 | C227: C-70713 | D227: DR. BABASAHEB AMBEDKAR TECHNOLOGICAL UNIVERSITY, LONERE, RAIGAD | E227: 6036 | F227: Government College Of Engineering Kolhapur | G227: Maharashtra | H227: Kolhapur | I227: Karveer | J227: Kolhapur | K227: 416004 | L227: EN23127355 | N227: Male | O227: Hindu | P227: Open | R227: LSTH | S227: Urban | T227: India | U227: Maharashtra | V227: Bulandshahr | W227: Not Applicable | X227: Not Applicable | Y227: 203001 | Z227: 23060361372024 | AA227: 23359 | AB227: 2023-24/431 | AC227: 2023-24/431 | AD227: 25046/- | AE227: Not Applicable | AF227: Unmarried | AG227: English | AH227: English | AI227: Regular | AJ227: 11372 | AK227: Electronics and Telecommunication Engg | AM227: UG | AN227: Second Year | AO227: Sem 3,sem4 | AP227: Elligible | AQ227: 45509 | AR227: Yes | AS227: 0 | AT227: 869494355565
B228: 2024-25 | C228: C-70713 | D228: DR. BABASAHEB AMBEDKAR TECHNOLOGICAL UNIVERSITY, LONERE, RAIGAD | E228: 6036 | F228: Government College Of Engineering Kolhapur | G228: Maharashtra | H228: Kolhapur | I228: Karveer | J228: Kolhapur | K228: 416004 | L228: EN23199579 | N228: Male | O228: Buddhist | P228: SC | R228: GSCO | S228: Rural | T228: India | U228: Maharashtra | V228: Wardha | W228: Hinganghat | X228: Hinganghat (M Cl) | Y228: 442301 | Z228: 23060361372025 | AA228: 23305 | AB228: 2024-25/431 | AC228: 2024-25/431 | AD228: 1621/- | AE228: Not Applicable | AF228: Unmarried | AG228: English | AH228: English | AI228: Regular | AJ228: 11372 | AK228: Electronics and Telecommunication Engg | AM228: UG | AN228: Second Year | AO228: Sem 3,sem4 | AP228: Elligible | AQ228: 45509 | AR228: Yes | AS228: 0 | AT228: 399006746790
... B320: 2024-25 | C320: C-70713 | D320: DR. BABASAHEB AMBEDKAR TECHNOLOGICAL UNIVERSITY, LONERE, RAIGAD | E320: 6036 | F320: Government College Of Engineering Kolhapur | G320: Maharashtra | H320: Kolhapur | I320: Karveer | J320: Kolhapur | K320: 416004 | L320: EN23163703 | N320: Male | O320: Hindu | P320: OBC | R320: ACAP | S320: Rural | T320: India | U320: Maharashtra | V320: Sangli | W320: Atpadi | X320: Galavewadi | Y320: 415315 | Z320: 23060361615051 | AA320: 23509 | AB320: 2024-25/477 | AC320: 2024-25/477 | AD320: 25046/- | AE320: Not Applicable | AF320: Unmarried | AG320: English | AH320: English | AI320: Regular | AJ320: 11615 | AK320: Mechanical & Automation Engineering | AM320: UG | AN320: Second Year | AO320: Sem 3,sem4 | AP320: Not Elligible | AQ320: 45509 | AR320: Yes | AS320: 0 | AT320: 740085369042

Sheet Student_section_data
E1: Academic Year 2023-24 Admitted Data
B3: 1 | C3: 2 | D3: 3 | E3: 4 | F3: 5 | G3: 6 | H3: 7 | I3: 8 | J3: 9 | K3: 10 | L3: 11 | M3: 12 | N3: 13 | O3: 14 | P3: 15 | Q3: 16 | R3: 17 | S3: 18 | T3: 19 | U3: 20 | W3: 21 | X3: 22 | Y3: 23 | Z3: 24 | AA3: 25 | AB3: 26 | AC3: 27 | AD3: 28
B4: Sr.No. | C4: Application Form No. | D4: University PRN | E4: Name of student | F4: Roll Number | G4: Gender (Male/Female/Transgender) | H4: Religion (Hindu,Muslim,Christian, Parsi,Buddhist,Sikh,jain, Jew) | I4: Category (EWS,Foreign National,General, Not Available,OBC,Others,PWD,SBC, SC, SEBC,ST,VJ, NT) | J4: Cast Name (e.g Brahmin/Sonar/...) | K4: Admitted Category (EWS,Foreign National,General, Not Available,OBC,Others,PWD,SBC, SC, SEBC,ST,VJ, NT) | L4: Student Location Category (Rural/Urban) | M4: Student Country | N4: Student State | O4: Student District | P4: Student Taluka | Q4: Student City / Village | R4: Student Location Pin Code | S4: Admission Date in FY(2023-24) | T4: Receipt Number FY | U4: Receipt Amount in FY (2023-24) | V4: Elligible in SY | W4: Admission Date in SY | X4: Receipt Number SY | Y4: Receipt Amount in SY(2024-25) | Z4: Physical Disability Enter the Disabilities of the Sttudents (Blindness,Low Vision,Hearing Impairment,Locomotor Disability,Leprosy Cured,Mental illness,Cerebral Palsy,Intellectual Disability,Muscular Dystrophy Parkinson's Disease,Acid Attack Victim,Sickle Cell Disease,Haemophilia,Thalassemia, Speech and Language Disabilities, Multiple Sclerosis,Specific Learning Disabilities,Chronic Neurological Conditions,Autism Spectrum Disorder Dwarfism) | AA4: Marital Status (Deserted,Divorced, Married, Unmarried, Widowed) | AB4: Program Code | AC4: Program Code (Name of the course under program type) | AD4: APAAR ID (ABC ID) (12 - digit number APAAR ID of students that is earlier known as ABC ID (123456789012))
B5: 1 | C5: EN23156538 | D5: 23060361242001 | E5: =VLOOKUP(D5,Sheet2!A2:'Sheet2'!D317,2,FALSE) -> PATIL SHIVTEJ JAYPRAKASH | F5: 23149 | G5: Male | H5: Hindu | I5: Open | K5: EWS | L5: Rural | M5: India | N5: Maharashtra | O5: Sangli | P5: Walwa | Q5: Uran Islampur (M Cl) | R5: 415409 | U5: 17546/- | V5: Elligible | X5: 2024-25/320 | Z5: Not Applicable | AA5: Unmarried | AB5: 11242 | AC5: Computer Science and Engineering | AD5: 605880265207
B6: 2 | C6: EN23270294 | D6: 23060361242002 | E6: =VLOOKUP(D6,Sheet2!A3:'Sheet2'!D318,2,FALSE) -> PATIL NIRMAL RAJENDRA | F6: 23146 | G6: Male | H6: Hindu | I6: OBC | K6: GOBCO | L6: Rural | M6: India | N6: Maharashtra | O6: Jalgaon | P6: Dharangaon | Q6: Rotwad | R6: 425105 | U6: 10046/- | V6: Elligible | X6: 2023-24/321 | Z6: Not Applicable | AA6: Unmarried | AB6: 11242 | AC6: Computer Science and Engineering | AD6: 836028351886
B7: 3 | C7: EN23253637 | D7: 23060361242003 | E7: =VLOOKUP(D7,Sheet2!A4:'Sheet2'!D319,2,FALSE) -> DESHMUKH SUSHRUT SHEKHAR | F7: 23108 | G7: Male | H7: Hindu | I7: Open | K7: ACAP | L7: Rural | M7: India | N7: Maharashtra | O7: Raigad | P7: Khalapur | Q7: Honad | R7: 410203 | U7: 26046/- | V7: Elligible | X7: 2024-25/321 | Z7: Not Applicable | AA7: Unmarried | AB7: 11242 | AC7: Computer Science and Engineering | AD7: 323555912835
B8: 4 | C8: EN23254563 | D8: 23060361242004 | E8: =VLOOKUP(D8,Sheet2!A5:'Sheet2'!D320,2,FALSE) -> HITESH CHANDRAKANT BHUSARA | F8: 23112 | G8: Male | H8: Hindu | I8: ST | K8: GSTH | L8: Rural | M8: India | N8: Maharashtra | O8: Palghar | P8: Vikramgad | Q8: Vasuri | R8: 421303 | U8: 1621/- | V8: Elligible | X8: 2023-24/322 | Z8: Not Applicable | AA8: Unmarried | AB8: 11242 | AC8: Computer Science and Engineering | AD8: 802817008651
B9: 5 | C9: EN23187082 | D9: 23060361242005 | E9: =VLOOKUP(D9,Sheet2!A6:'Sheet2'!D321,2,FALSE) -> PUKALE AJAY SUNIL | F9: 23154 | G9: Male | H9: Hindu | I9: NT 2 (NT-C) | K9: GNT2H | L9: Rural | M9: India | N9: Maharashtra | O9: Sangli | P9: Atpadi | Q9: Banpuri | R9: 415306 | U9: 0/- | V9: Elligible | X9: 2024-25/322 | Z9: Not Applicable | AA9: Unmarried | AB9: 11242 | AC9: Computer Science and Engineering | AD9: 267273146627
B10: 6 | C10: EN23251094 | D10: 23060361242006 | E10: =VLOOKUP(D10,Sheet2!A7:'Sheet2'!D322,2,FALSE) -> THITE ATUL NETAJI | F10: 23167 | G10: Male | H10: Hindu | I10: Open | K10: GOPENO | L10: Rural | M10: India | N10: Maharashtra | O10: Solapur | P10: Pandharpur | Q10: Bhose | R10: 413315 | U10: 17546/- | V10: Elligible | X10: 2023-24/323 | Z10: Not Applicable | AA10: Unmarried | AB10: 11242 | AC10: Computer Science and Engineering | AD10: 781639551721
B11: 7 | C11: EN23250898 | D11: 23060361242007 | E11: =VLOOKUP(D11,Sheet2!A8:'Sheet2'!D323,2,FALSE) -> INAMDAR BHAGYASHRI UMESH | F11: 23115 | G11: Female | H11: Hindu | I11: Open | K11: EWS | L11: Urban | M11: India | N11: Maharashtra | O11: Kolhapur | P11: Karvir | Q11: Kolhapur (M Corp.) | R11: 416012 | U11: 17546/- | V11: Elligible | X11: 2024-25/323 | Z11: Not Applicable | AA11: Unmarried | AB11: 11242 | AC11: Computer Science and Engineering | AD11: 351040668378
B12: 8 | C12: EN23125066 | D12: 23060361242008 | E12: =VLOOKUP(D12,Sheet2!A9:'Sheet2'!D324,2,FALSE) -> INAMDAR AFFAN SAIF | F12: 23114 | G12: Male | H12: Muslim | I12: Open | K12: GOPENH | L12: Urban | M12: India | N12: Maharashtra | O12: Sangli | P12: Walwa | Q12: Ashta (M Cl) | R12: 416301 | U12: 17546/- | V12: Elligible | X12: 2023-24/324 | Z12: Not Applicable | AA12: Unmarried | AB12: 11242 | AC12: Computer Science and Engineering | AD12: 660158417433
B13: 9 | C13: EN23165043 | D13: 23060361242009 | E13: =VLOOKUP(D13,Sheet2!A10:'Sheet2'!D325,2,FALSE) -> MADAVI HARSH LAXMAN | F13: 23135 | G13: Male | H13: Hindu | I13: ST | K13: GSTH | L13: Urban | M13: India | N13: Maharashtra | O13: Chandrapur | P13: Chandrapur | Q13: Chandrapur | R13: 442401 | U13: 1621/- | V13: Elligible | X13: 2024-25/324 | Z13: Not Applicable | AA13: Unmarried | AB13: 11242 | AC13: Computer Science and Engineering | AD13: 407782827857
B14: 10 | C14: EN23234429 | D14: 23060361242010 | E14: =VLOOKUP(D14,Sheet2!A11:'Sheet2'!D326,2,FALSE) -> MANKAR PRANAV GAJANAN | F14: 23136 | G14: Male | H14: Hindu | I14: OBC | K14: ACAP | L14: Rural | M14: India | N14: Maharashtra | O14: Aurangabad | P14: Aurangabad | Q14: Aurangabad (M Corp.) | R14: 431136 | U14: 25046/- | V14: Elligible | X14: 2023-24/325 | Z14: Not Applicable | AA14: Unmarried | AB14: 11242 | AC14: Computer Science and Engineering | AD14: 641151883947
B15: 11 | C15: EN23245684 | D15: 23060361242011 | E15: =VLOOKUP(D15,Sheet2!A12:'Sheet2'!D327,2,FALSE) -> CHOUGULE DIPALI NAVANATH | F15: 23106 | G15: Female | H15: Hindu | I15: NT 2 (NT-C) | K15: LOPENH | L15: Rural | M15: India | N15: Maharashtra | O15: Sangli | P15: Jat | Q15: Khairao | R15: 416404 | U15: 10046/- | V15: Elligible | X15: 2024-25/325 | Z15: Not Applicable | AA15: Unmarried | AB15: 11242 | AC15: Computer Science and Engineering | AD15: 230336667045
B16: 12 | C16: EN23258899 | D16: 23060361242012 | E16: =VLOOKUP(D16,Sheet2!A13:'Sheet2'!D328,2,FALSE) -> BODKHE OM KAILAS | F16: 23104 | G16: Male | H16: Hindu | I16: OBC | K16: PWDOPENH | L16: Urban | M16: India | N16: Maharashtra | O16: Buldhana | P16: Chikhli | Q16: Chikhli (M Cl) | R16: 443201 | U16: 10046/- | V16: Elligible | X16: 2023-24/326 | Z16: Low-Vision | AA16: Unmarried | AB16: 11242 | AC16: Computer Science and Engineering | AD16: 298767095627
... B44: 40 | C44: EN23106525 | D44: 23060361242040 | E44: =VLOOKUP(D44,Sheet2!A41:'Sheet2'!D356,2,FALSE) -> CHAITANYA NITIN ZANJURNE | F44: 23169 | G44: Male | H44: Hindu | I44: Open | K44: ACAP | L44: Rural | M44: India | N44: Maharashtra | O44: Satara | P44: Koregaon | Q44: Tadawale s.koregaon | R44: 415001 | U44: 25046/- | V44: Elligible | X44: 2023-24/340 | Z44: Not Applicable | AA44: Unmarried | AB44: 11242 | AC44: Computer Science and Engineering | AD44: 815210988317
B45: 41 | C45: EN23154691 | D45: 23060361242041 | E45: =VLOOKUP(D45,Sheet2!A43:'Sheet2'!D358,2,FALSE) -> JAGTAP NISHANT SACHIN | F45: 23120 | G45: Male | H45: Hindu | I45: Open | K45: TFWS | L45: Rural | M45: India | N45: Maharashtra | O45: Latur | P45: Ausa | Q45: Kumtha | R45: 413516 | U45: 17546/- | V45: Elligible | X45: 2023-24/341 | Z45: Not Applicable | AA45: Not Applicable | AB45: 11242 | AC45: Computer Science and Engineering | AD45: 642069027177
B46: 42 | C46: EN23240790 | D46: 23060361242042 | E46: =VLOOKUP(D46,Sheet2!A44:'Sheet2'!D359,2,FALSE) -> JADHAV SAIE BALASAHEB | F46: 23119 | G46: Female | H46: Hindu | I46: Open | K46: LOPENH | L46: Rural | M46: India | N46: Maharashtra | O46: Kolhapur | P46: Kagal | Q46: Vhanali | R46: 416221 | U46: 10046/- | V46: Elligible | X46: 2024-25/341 | Z46: Not Applicable | AA46: Not Applicable | AB46: 11242 | AC46: Computer Science and Engineering | AD46: 767473727872
B47: 43 | C47: EN23245293 | D47: 23060361242043 | E47: =VLOOKUP(D47,Sheet2!A45:'Sheet2'!D360,2,FALSE) -> KESARKAR SHRAVANI MAHESH | F47: 23124 | G47: Female | H47: Hindu | I47: Open | K47: TFWS | L47: Rural | M47: India | N47: Maharashtra | O47: Kolhapur | P47: Karvir | Q47: Balinge | R47: 416010 | U47: 17546/- | V47: Elligible | X47: 2023-24/342 | Z47: Not Applicable | AA47: Not Applicable | AB47: 11242 | AC47: Computer Science and Engineering | AD47: 601870514481
B48: 44 | C48: EN23129471 | D48: 23060361242044 | E48: =VLOOKUP(D48,Sheet2!A46:'Sheet2'!D361,2,FALSE) -> KULKARNI AMRUTA LAXMAN | F48: 23132 | G48: Female | H48: Hindu | I48: Open | K48: EWS | L48: Rural | M48: India | N48: Maharashtra | O48: Satara | P48: Man | Q48: Ranand | R48: 415508 | U48: 10046/- | V48: Elligible | X48: 2024-25/342 | Z48: Not Applicable | AA48: Not Applicable | AB48: 11242 | AC48: Computer Science and Engineering | AD48: 793445560148
B49: 45 | C49: EN23231317 | D49: 23060361242045 | E49: =VLOOKUP(D49,Sheet2!A47:'Sheet2'!D362,2,FALSE) -> PATIL SNEHA SURESH | F49: 23151 | G49: Female | H49: Hindu | I49: Open | K49: DEFOPENS | L49: Rural | M49: India | N49: Maharashtra | O49: Sangli | P49: Shirala | Q49: Kokarud | R49: 415405 | U49: 10046/- | V49: Elligible | X49: 2023-24/343 | Z49: Not Applicable | AA49: Not Applicable | AB49: 11242 | AC49: Computer Science and Engineering | AD49: 925653939414
B50: 46 | C50: EN23135666 | D50: 23060361242046 | E50: =VLOOKUP(D50,Sheet2!A48:'Sheet2'!D363,2,FALSE) -> MADHURA SATISH SHINDE | F50: 23160 | G50: Female | H50: Hindu | I50: OBC | K50: LOBCH | L50: Urban | M50: India | N50: Maharashtra | O50: Satara | P50: Karad | Q50: Kalvade | R50: 415539 | U50: 17546/- | V50: Elligible | X50: 2024-25/343 | Z50: Not Applicable | AA50: Not Applicable | AB50: 11242 | AC50: Computer Science and Engineering | AD50: 696954191565
B51: 47 | C51: EN23201439 | D51: 23060361242047 | E51: =VLOOKUP(D51,Sheet2!A49:'Sheet2'!D364,2,FALSE) -> PATIL SANSKRUTI SANJAY | F51: 23148 | G51: Female | H51: Hindu | I51: Open | K51: LOPENH | L51: Rural | M51: India | N51: Maharashtra | O51: Kolhapur | P51: Gadhinglaj | Q51: Arjunwadi | R51: 416504 | U51: 10046/- | V51: Elligible | X51: 2023-24/344 | Z51: Not Applicable | AA51: Not Applicable | AB51: 11242 | AC51: Computer Science and Engineering | AD51: 170779418452
B52: 48 | C52: EN23104008 | D52: 23060361242048 | E52: =VLOOKUP(D52,Sheet2!A50:'Sheet2'!D365,2,FALSE) -> PATIL ARYA MILIND | F52: 23144 | G52: Female | H52: Hindu | I52: NT 2 (NT-C) | K52: LNT2H | L52: Rural | M52: India | N52: Maharashtra | O52: Kolhapur | P52: Shirol | Q52: Shirdhon | R52: 416121 | U52: 17546/- | V52: Elligible | X52: 2024-25/344 | Z52: Not Applicable | AA52: Not Applicable | AB52: 11242 | AC52: Computer Science and Engineering | AD52: 289447727921
B53: 49 | C53: EN23256547 | D53: 23060361242049 | E53: =VLOOKUP(D53,Sheet2!A51:'Sheet2'!D366,2,FALSE) -> SURYAWANSHI SAYALI VISHNU | F53: 23164 | G53: Female | H53: Hindu | I53: Open | K53: LOPENO | L53: Rural | M53: India | N53: Maharashtra | O53: Osmanabad | P53: Tuljapur | Q53: Tuljapur | R53: 413601 | U53: 10046/- | V53: Elligible | X53: 2023-24/345 | Z53: Not Applicable | AA53: Not Applicable | AB53: 11242 | AC53: Computer Science and Engineering | AD53: 909058215377
B54: 50 | C54: EN23208925 | D54: 23060361242050 | E54: =VLOOKUP(D54,Sheet2!A52:'Sheet2'!D367,2,FALSE) -> KHARMATE PAVITRA AMIT | F54: 23128 | G54: Female | H54: Hindu | I54: NT 3 (NT-D) | K54: GNT3H | L54: Urban | M54: India | N54: Maharashtra | O54: Sangli | P54: Miraj | Q54: Inam Dhamani | R54: 416416 | U54: 10046/- | V54: Elligible | X54: 2024-25/345 | Z54: Not Applicable | AA54: Not Applicable | AB54: 11242 | AC54: Computer Science and Engineering | AD54: 323655724196
B55: 51 | C55: EN23103281 | D55: 23060361242051 | E55: =VLOOKUP(D55,Sheet2!A53:'Sheet2'!D368,2,FALSE) -> SHAIKH UMAR TAYYAB | F55: 23158 | G55: Male | H55: Muslim | I55: OBC | K55: GOPENH | L55: Urban | M55: India | N55: Maharashtra | O55: Satara | P55: Satara | Q55: Kodoli (CT) | R55: 415004 | U55: 25046/- | V55: Elligible | X55: 2023-24/346 | Z55: Not Applicable | AA55: Not Applicable | AB55: 11242 | AC55: Computer Science and Engineering | AD55: 234572816522
B56: 52 | C56: EN23125035 | D56: 23060361242052 | E56: =VLOOKUP(D56,Sheet2!A54:'Sheet2'!D369,2,FALSE) -> TEJAS GANESH KHALKAR | F56: 23125 | G56: Male | H56: Hindu | I56: Open | K56: ACAP | L56: Rural | M56: India | N56: Maharashtra | O56: Satara | P56: Karad | Q56: Khalkarwadi | R56: 415109 | U56: 17546/- | V56: Left | X56: 2024-25/346 | Z56: Not Applicable | AA56: Not Applicable | AB56: 11242 | AC56: Computer Science and Engineering | AD56: 896488013466
... B58: 54 | C58: EN23154302 | D58: 23060361242054 | E58: =VLOOKUP(D58,Sheet2!A56:'Sheet2'!D371,2,FALSE) -> DURUGAWAR PRAJWAL RAJENDRA | F58: 23110 | G58: Male | H58: Hindu | I58: NT 1 (NT-B) | K58: GOPENO | L58: Rural | M58: India | N58: Maharashtra | O58: Wardha | P58: Wardha | Q58: Bhiwapur | R58: 442001 | U58: 10046/- | V58: Elligible | X58: 2024-25/347 | Z58: Not Applicable | AA58: Not Applicable | AB58: 11242 | AC58: Computer Science and Engineering | AD58: 915527162120
B59: 55 | C59: EN23143939 | D59: 23060361242055 | E59: =VLOOKUP(D59,Sheet2!A42:'Sheet2'!D357,2,FALSE) -> SANVEDYA NEWARE | F59: 23139 | G59: Male | H59: Hindu | I59: SBC | K59: GOPENO | L59: Urban | M59: India | N59: Maharashtra | O59: Wardha | P59: Wardha | Q59: Wardha (M Cl) | R59: 442001 | U59: 10046/- | V59: Elligible | X59: 2024-25/340 | Z59: Not Applicable | AA59: Unmarried | AB59: 11242 | AC59: Computer Science and Engineering | AD59: 492448852601
B60: 56 | C60: EN23170262 | D60: 23060361242056 | E60: =VLOOKUP(D60,Sheet2!A57:'Sheet2'!D372,2,FALSE) -> KODAVATE HRUTUJA SATISHRAO | F60: 23130 | G60: Female | H60: Hindu | I60: ST | K60: LSTH | L60: Urban | M60: India | N60: Maharashtra | O60: Amravati | P60: Dhamangaon Railway | Q60: Dattapur Dhamangaon (M Cl) | R60: 444709 | U60: 1621/- | V60: Elligible | X60: 2023-24/348 | Z60: Not Applicable | AA60: Not Applicable | AB60: 11242 | AC60: Computer Science and Engineering | AD60: 659675627536
B61: 57 | C61: EN23165206 | D61: 23060361242057 | E61: =VLOOKUP(D61,Sheet2!A58:'Sheet2'!D373,2,FALSE) -> PARADHI SHRUTI RAJU | F61: 23141 | G61: Female | H61: Hindu | I61: OBC | K61: PWDROBCH | L61: Rural | M61: India | N61: Maharashtra | O61: Wardha | P61: Hinganghat | Q61: Kangaon | R61: 442101 | U61: 10046/- | V61: Elligible | X61: 2024-25/348 | Z61: Locomotor Disability | AA61: Locomotor Disability | AB61: 11242 | AC61: Computer Science and Engineering | AD61: 485684680972
B62: 58 | C62: EN23231080 | D62: 23060361242058 | E62: =VLOOKUP(D62,Sheet2!A59:'Sheet2'!D374,2,FALSE) -> AIWALE SANKET SURESH | F62: 23101 | G62: Male | H62: Hindu | I62: SC | K62: GSCH | L62: Urban | M62: India | N62: Maharashtra | O62: Sangli | P62: Atpadi | Q62: Bhingewadi | R62: 415301 | U62: 1621/- | V62: Elligible | X62: 2023-24/349 | Z62: Not Applicable | AA62: Not Applicable | AB62: 11242 | AC62: Computer Science and Engineering | AD62: 400116219457
B63: 59 | C63: EN23170809 | D63: 23060361242059 | E63: =VLOOKUP(D63,Sheet2!A60:'Sheet2'!D375,2,FALSE) -> SHELAKE PRANALI MAHADEV | F63: 23159 | G63: Female | H63: Hindu | I63: Open | K63: ACAP | L63: Rural | M63: India | N63: Maharashtra | O63: Kolhapur | P63: Panhala | Q63: Satarde | R63: 416205 | U63: 25046/- | V63: Elligible | X63: 2024-25/349 | Z63: Not Applicable | AA63: Not Applicable | AB63: 11242 | AC63: Computer Science and Engineering | AD63: 141129263489
B64: 60 | C64: EN23200117 | D64: 23060361242060 | E64: =VLOOKUP(D64,Sheet2!A61:'Sheet2'!D376,2,FALSE) -> CHAVAN NIYATI VIJAY | F64: 23105 | G64: Female | H64: Hindu | I64: SC | K64: LSCH | L64: Urban | M64: India | N64: Maharashtra | O64: Kolhapur | P64: Hatkanangle | Q64: Ichalkaranji (M Cl) | R64: 416115 | U64: 1621/- | V64: Elligible | X64: 2023-24/350 | Z64: Not Applicable | AA64: Not Applicable | AB64: 11242 | AC64: Computer Science and Engineering | AD64: 786942678247
B65: 61 | C65: EN23155754 | D65: 23060361242061 | E65: =VLOOKUP(D65,Sheet2!A62:'Sheet2'!D377,2,FALSE) -> KUMBHAR ADITYA KERABA | F65: 23133 | G65: Male | H65: Hindu | I65: OBC | K65: GOPENH | L65: Rural | M65: India | N65: Maharashtra | O65: Kolhapur | P65: Panhala | Q65: Mohare | R65: 416114 | U65: 10046/- | V65: Elligible | X65: 2024-25/350 | Z65: Not Applicable | AA65: Not Applicable | AB65: 11242 | AC65: Computer Science and Engineering | AD65: 694244144718
B66: 62 | C66: EN23153834 | D66: 23060361242062 | E66: =VLOOKUP(D66,Sheet2!A63:'Sheet2'!D378,2,FALSE) -> MOHITE ANIKET DHANAJI | F66: 23137 | G66: Male | H66: Hindu | I66: Open | K66: PWDOPENH | L66: Rural | M66: India | N66: Maharashtra | O66: Sangli | P66: Kadegaon | Q66: Bombalewadi | R66: 415304 | U66: 17546/- | V66: Elligible | X66: 2023-24/351 | Z66: Locomotor Disability | AA66: Locomotor Disability | AB66: 11242 | AC66: Computer Science and Engineering | AD66: 893362829498
B67: 63 | C67: EN23220807 | D67: 23060361242063 | E67: =VLOOKUP(D67,Sheet2!A64:'Sheet2'!D379,2,FALSE) -> KOLI ROHAN RAJARAM | F67: 23131 | G67: Male | H67: Hindu | I67: SBC | K67: GOPENH | L67: Rural | M67: India | N67: Maharashtra | O67: Kolhapur | P67: Shirol | Q67: Takli | R67: 416108 | U67: 10046/- | V67: Elligible | X67: 2024-25/351 | Z67: Not Applicable | AA67: Not Applicable | AB67: 11242 | AC67: Computer Science and Engineering | AD67: 734856933450
B68: 64 | C68: EN23180954 | D68: 23060361242064 | E68: =VLOOKUP(D68,Sheet2!A65:'Sheet2'!D380,2,FALSE) -> MADANE SATYAM BHIMARAO | F68: 23134 | G68: Male | H68: Hindu | I68: DT/VJ | K68: GOPENH | L68: Rural | M68: India | N68: Maharashtra | O68: Satara | P68: Khatav | Q68: Kokarale | R68: 415527 | U68: 10046/- | V68: Elligible | X68: 2023-24/352 | Z68: Not Applicable | AA68: Not Applicable | AB68: 11242 | AC68: Computer Science and Engineering | AD68: 525996560460
B69: 65 | C69: EN23220748 | D69: 23060361242065 | E69: =VLOOKUP(D69,Sheet2!A66:'Sheet2'!D381,2,FALSE) -> GAIKWAD BALKRISHNA MAHADEV | F69: 23111 | G69: Male | H69: Hindu | I69: Open | K69: EWS | L69: Rural | M69: India | N69: Maharashtra | O69: Kolhapur | P69: Shirol | Q69: Takli | R69: 416108 | U69: 17546/- | V69: Elligible | X69: 2024-25/352 | Z69: Not Applicable | AA69: Not Applicable | AB69: 11242 | AC69: Computer Science and Engineering | AD69: 844607448169
B70: 66 | C70: EN23124864 | D70: 23060361242066 | E70: =VLOOKUP(D70,Sheet2!A67:'Sheet2'!D382,2,FALSE) -> KADAM VAIBHAV NITIN | F70: 23122 | G70: Male | H70: Hindu | I70: OBC | K70: GOBCH | L70: Urban | M70: India | N70: Maharashtra | O70: Kolhapur | P70: Karvir | Q70: Kolhapur (M Corp.) | R70: 416007 | U70: 10046/- | V70: Elligible | X70: 2023-24/353 | Z70: Not Applicable | AA70: Not Applicable | AB70: 11242 | AC70: Computer Science and Engineering | AD70: 800143951849
B71: 67 | C71: EN23117040 | D71: 23060361242067 | E71: =VLOOKUP(D71,Sheet2!A68:'Sheet2'!D383,2,FALSE) -> PATIL ATHARAV AMARSINH | F71: 23145 | G71: Male | H71: Hindu | I71: OBC | K71: GOBCH | L71: Rural | M71: India | N71: Maharashtra | O71: Kolhapur | P71: Shahuwadi | Q71: Kadave | R71: 415101 | U71: 10046/- | V71: Elligible | X71: 2024-25/353 | Z71: Not Applicable | AA71: Not Applicable | AB71: 11242 | AC71: Computer Science and Engineering | AD71: 372987890424
... B158: 154 | C158: EN23166695 | D158: 23060361293020 | E158: =VLOOKUP(D158,Sheet2!A155:'Sheet2'!D470,2,FALSE) -> KHARAT KESHAV DILIP | F158: 23429 | G158: Male | H158: Hindu | I158: NT 2 (NT-C) | K158: PWDOPENH | L158: Rural | M158: India | N158: Maharashtra | O158: Sangli | P158: Miraj | Q158: Sangli Miraj Kupwad (M Corp.) | R158: 416416 | U158: 10046/- | V158: Elligible | X158: 2023-24/397 | Z158: Not Applicable | AA158: Not Applicable | AB158: 11293 | AC158: Electrical Engineering | AD158: 189004584253
B159: 155 | C159: EN23125670 | D159: 23060361293021 | E159: =VLOOKUP(D159,Sheet2!A156:'Sheet2'!D471,2,FALSE) -> MALBHAGE PRASHANT VIRBHADRA | F159: 23434 | G159: Male | H159: Hindu | I159: OBC | K159: LSTO | L159: Rural | M159: India | N159: Maharashtra | O159: Latur | P159: Shirur-Anantpal | Q159: Sakol | R159: 413544 | U159: 10046/- | V159: Not Elligible | X159: 2024-25/397 | Z159: Not Applicable | AA159: Not Applicable | AB159: 11293 | AC159: Electrical Engineering
B160: 156 | C160: EN23188796 | D160: 23060361293022 | E160: =VLOOKUP(D160,Sheet2!A157:'Sheet2'!D472,2,FALSE) -> KAMBLE RUSHIKESH VITTHAL | F160: 23425 | G160: Male | H160: Hindu | I160: SC | K160: GSCO | L160: Rural | M160: India | N160: Maharashtra | O160: Latur | P160: Udgir | Q160: Bhakaskheda | R160: 413517 | U160: 10046/- | V160: Elligible | X160: 2023-24/398 | Z160: Not Applicable | AA160: Not Applicable | AB160: 11293 | AC160: Electrical Engineering | AD160: 873629757191
B161: 157 | C161: EN23208843 | D161: 23060361293023 | E161: =VLOOKUP(D161,Sheet2!A158:'Sheet2'!D473,2,FALSE) -> JAISWAL OM PRAKASH | F161: 23422 | G161: Male | H161: Hindu | I161: OBC | K161: GOBCH | L161: Rural | M161: India | N161: Maharashtra | O161: Aurangabad | P161: Aurangabad | Q161: Pimpalgaon Pandhari | R161: 431121 | U161: 1621/- | V161: Elligible | X161: 2024-25/398 | Z161: Not Applicable | AA161: Not Applicable | AB161: 11293 | AC161: Electrical Engineering | AD161: 360708739294
B162: 158 | C162: EN23223410 | D162: 23060361293024 | E162: =VLOOKUP(D162,Sheet2!A159:'Sheet2'!D474,2,FALSE) -> BACHANKAR VINAYAK MAHADEV | F162: 23401 | G162: Male | H162: Hindu | I162: Open | K162: GSTH | L162: Rural | M162: India | N162: Maharashtra | O162: Kolhapur | P162: Kagal | Q162: Sake | R162: 416221 | U162: 10046/- | V162: Not Elligible | X162: 2023-24/399 | Z162: Not Applicable | AA162: Not Applicable | AB162: 11293 | AC162: Electrical Engineering | AD162: 608950228983
B163: 159 | C163: EN23223423 | D163: 23060361293025 | E163: =VLOOKUP(D163,Sheet2!A160:'Sheet2'!D475,2,FALSE) -> YADAV VIKAS RAMESH | F163: 23464 | G163: Male | H163: Hindu | I163: Open | K163: GSTH | L163: Rural | M163: India | N163: Maharashtra | O163: Jaunpur | P163: Not Applicable | Q163: Not Applicable | R163: 222170 | U163: 25046/- | V163: Elligible | X163: 2024-25/399 | Z163: Not Applicable | AA163: Not Applicable | AB163: 11293 | AC163: Electrical Engineering | AD163: 241698527714
B164: 160 | C164: EN23154576 | D164: 23060361293026 | E164: =VLOOKUP(D164,Sheet2!A161:'Sheet2'!D476,2,FALSE) -> GURAV ANIKET ANANDA | F164: 23416 | G164: Male | H164: Hindu | I164: OBC | K164: GOBCH | L164: Rural | M164: India | N164: Maharashtra | O164: Kolhapur | P164: Radhanagari | Q164: Phejiwade | R164: 416212 | U164: 10046/- | V164: Elligible | X164: 2023-24/400 | Z164: Not Applicable | AA164: Not Applicable | AB164: 11293 | AC164: Electrical Engineering | AD164: 181597049790
B165: 161 | C165: EN23155827 | D165: 23060361293027 | E165: =VLOOKUP(D165,Sheet2!A162:'Sheet2'!D477,2,FALSE) -> DHOLE ANUCH GAJANAN | F165: 23412 | G165: Male | H165: Hindu | I165: OBC | K165: GOBCO | L165: Rural | M165: India | N165: Maharashtra | O165: Nagpur | P165: Savner | Q165: Bhanegaon | R165: 441102 | U165: 10046/- | V165: Elligible | X165: 2024-25/400 | Z165: Not Applicable | AA165: Not Applicable | AB165: 11293 | AC165: Electrical Engineering | AD165: 595794677349
B166: 162 | C166: EN23193465 | D166: 23060361293028 | E166: =VLOOKUP(D166,Sheet2!A163:'Sheet2'!D478,2,FALSE) -> VEDPATHAK MAYURI VITTHAL | F166: 23462 | G166: Female | H166: Hindu | I166: OBC | K166: GOBCO | L166: Urban | M166: India | N166: Maharashtra | O166: Solapur | P166: Pandharpur | Q166: Pandharpur (M Cl) | R166: 413304 | U166: 10046/- | V166: Elligible | X166: 2023-24/401 | Z166: Not Applicable | AA166: Not Applicable | AB166: 11293 | AC166: Electrical Engineering | AD166: 998886918164
B167: 163 | C167: EN23156522 | D167: 23060361293029 | E167: =VLOOKUP(D167,Sheet2!A164:'Sheet2'!D479,2,FALSE) -> MAHADIK PRATIKSHA MOHAN | F167: 23432 | G167: Female | H167: Hindu | I167: Open | K167: LOPENH | L167: Rural | M167: India | N167: Maharashtra | O167: Sangli | P167: Palus | Q167: Kundal | R167: 416309 | U167: 17546/- | V167: Elligible | X167: 2024-25/401 | Z167: Not Applicable | AA167: Not Applicable | AB167: 11293 | AC167: Electrical Engineering | AD167: 503442678074
B168: 164 | C168: EN23149018 | D168: 23060361293030 | E168: =VLOOKUP(D168,Sheet2!A165:'Sheet2'!D480,2,FALSE) -> SAWANT ANKITA ANANDRAO | F168: 23455 | G168: Female | H168: Hindu | I168: Open | K168: PWDOPENH | L168: Rural | M168: India | N168: Maharashtra | O168: Sangli | P168: Walwa | Q168: Mirajwadi | R168: 416301 | U168: 17546/- | V168: Elligible | X168: 2023-24/402 | Z168: Not Applicable | AA168: Not Applicable | AB168: 11293 | AC168: Electrical Engineering | AD168: 930906101291
B169: 165 | C169: EN23219719 | D169: 23060361293031 | E169: =VLOOKUP(D169,Sheet2!A166:'Sheet2'!D481,2,FALSE) -> ATHARV PANDURANG JADHAV | F169: 23419 | G169: Male | H169: Hindu | I169: Open | K169: GOPENH | L169: Rural | M169: India | N169: Maharashtra | O169: Sangli | P169: Tasgaon | Q169: Savarde | R169: 416408 | U169: 17546/- | V169: Elligible | X169: 2024-25/402 | Z169: Not Applicable | AA169: Not Applicable | AB169: 11293 | AC169: Electrical Engineering | AD169: 806310517432
B170: 166 | C170: EN23239733 | D170: 23060361293032 | E170: =VLOOKUP(D170,Sheet2!A167:'Sheet2'!D482,2,FALSE) -> HAJARE SHRUTI AMAR | F170: 23417 | G170: Female | H170: Hindu | I170: SC | K170: LSCO | L170: Urban | M170: India | N170: Maharashtra | O170: Osmanabad | P170: Osmanabad | Q170: Osmanabad | R170: 413501 | U170: 1621/- | V170: Not Elligible | X170: 2023-24/403 | Z170: Not Applicable | AA170: Not Applicable | AB170: 11293 | AC170: Electrical Engineering | AD170: 656744872517
B171: 167 | C171: EN23163807 | D171: 23060361293033 | E171: =VLOOKUP(D171,Sheet2!A168:'Sheet2'!D483,2,FALSE) -> SONAWALE SNEHAL PRAVIN | F171: 23459 | G171: Female | H171: Buddhist | I171: SC | K171: LSCH | L171: Rural | M171: India | N171: Maharashtra | O171: Satara | P171: Karad | Q171: Ving | R171: 415122 | U171: 1621/- | V171: Elligible | X171: 2024-25/403 | Z171: Not Applicable | AA171: Not Applicable | AB171: 11293 | AC171: Electrical Engineering | AD171: 514286613258
... B191: 187 | C191: EN23205254 | D191: 23060361293053 | E191: =VLOOKUP(D191,Sheet2!A188:'Sheet2'!D503,2,FALSE) -> KADAM VIRAJ VIKAS | F191: 23423 | G191: Male | H191: Hindu | I191: Open | K191: GOPENH | L191: Rural | M191: India | N191: Maharashtra | O191: Sangli | P191: Shirala | Q191: Red | R191: 415408 | U191: 10046/- | V191: Elligible | X191: 2024-25/413 | Z191: Not Applicable | AA191: Not Applicable | AB191: 11293 | AC191: Electrical Engineering | AD191: 437525703191
B192: 188 | C192: EN23193751 | D192: 23060361293054 | E192: =VLOOKUP(D192,Sheet2!A189:'Sheet2'!D504,2,FALSE) -> BHOSALE PRATHAMESH UDAY | F192: 23405 | G192: Male | H192: Hindu | I192: Open | K192: TFWS | L192: Rural | M192: India | N192: Maharashtra | O192: Kolhapur | P192: Shahuwadi | Q192: Rethare | R192: 416214 | V192: Elligible | X192: 2023-24/414 | Z192: Not Applicable | AA192: Not Applicable | AB192: 11293 | AC192: Electrical Engineering | AD192: 889487254520
B193: 189 | C193: EN23128578 | D193: 23060361293055 | E193: =VLOOKUP(D193,Sheet2!A190:'Sheet2'!D505,2,FALSE) -> JADHAV AVANTIKA VILAS | F193: 23420 | G193: Female | H193: Hindu | I193: Open | K193: DEFOPENS | L193: Urban | M193: India | N193: Maharashtra | O193: Satara | P193: Karad | Q193: Karad (M Cl) | R193: 415124 | U193: 17546/- | V193: Elligible | X193: 2024-25/414 | Z193: Not Applicable | AA193: Not Applicable | AB193: 11293 | AC193: Electrical Engineering | AD193: 552915960282
B194: 190 | C194: EN23244599 | D194: 23060361293056 | E194: =VLOOKUP(D194,Sheet2!A191:'Sheet2'!D506,2,FALSE) -> JADHAV SRUSHTI ANIL | F194: 23421 | G194: Female | H194: Hindu | I194: Open | K194: LOPENH | L194: Rural | M194: India | N194: Maharashtra | O194: Satara | P194: Patan | Q194: Nisare | R194: 415205 | U194: 17546/- | V194: Elligible | X194: 2023-24/415 | Z194: Not Applicable | AA194: Not Applicable | AB194: 11293 | AC194: Electrical Engineering | AD194: 123607223938
B195: 191 | C195: EN23250182 | D195: 23060361293057 | E195: =VLOOKUP(D195,Sheet2!A192:'Sheet2'!D507,2,FALSE) -> KASHID ARATI SATISH | F195: 23426 | G195: Female | H195: Hindu | I195: Open | K195: LOPENO | L195: Rural | M195: India | N195: Maharashtra | O195: Solapur | P195: Barshi | Q195: Kuslamb | R195: 413401 | U195: 0/- | V195: Elligible | X195: 2024-25/415 | Z195: Not Applicable | AA195: Not Applicable | AB195: 11293 | AC195: Electrical Engineering | AD195: 541629007547
B196: 192 | C196: EN23272605 | D196: 23060361293058 | E196: =VLOOKUP(D196,Sheet2!A193:'Sheet2'!D508,2,FALSE) -> KOLI YASH PRAKASH | F196: 23430 | G196: Male | H196: Hindu | I196: SBC | K196: GOPENH | L196: Rural | M196: India | N196: Maharashtra | O196: Kolhapur | P196: Hatkanangle | Q196: Rukadi | R196: 416118 | U196: 10046/- | V196: Elligible | X196: 2023-24/416 | Z196: Not Applicable | AA196: Not Applicable | AB196: 11293 | AC196: Electrical Engineering | AD196: 790613157226
B197: 193 | C197: EN23233209 | D197: 23060361293059 | E197: =VLOOKUP(D197,Sheet2!A194:'Sheet2'!D509,2,FALSE) -> PATIL RUTURAJ SURESH | F197: 23448 | G197: Male | H197: Hindu | I197: Open | K197: GOPENH | L197: Rural | M197: India | N197: Maharashtra | O197: Sangli | P197: Kadegaon | Q197: Sonkire | R197: 415303 | U197: 17546/- | V197: Elligible | X197: 2024-25/416 | Z197: Not Applicable | AA197: Not Applicable | AB197: 11293 | AC197: Electrical Engineering | AD197: 341000789748
B198: 194 | C198: EN23166943 | D198: 23060361293060 | E198: =VLOOKUP(D198,Sheet2!A195:'Sheet2'!D510,2,FALSE) -> SNEHAL SACHIN DESAI | F198: 23410 | G198: Female | H198: Hindu | I198: Open | K198: ACAP | L198: Urban | M198: India | N198: Maharashtra | O198: Sangli | P198: Tasgaon | Q198: Tasgaon (M Cl) | R198: 416312 | V198: Elligible | X198: 2023-24/417 | Z198: Not Applicable | AA198: Not Applicable | AB198: 11293 | AC198: Electrical Engineering | AD198: 120056622255
B199: 195 | C199: EN23100065 | D199: 23060361293061 | E199: =VLOOKUP(D199,Sheet2!A196:'Sheet2'!D511,2,FALSE) -> DESHMUKH PRAJWAL GOVINDRAO | F199: 23411 | G199: Male | H199: Hindu | I199: OBC | K199: GOBCH | L199: Rural | M199: India | N199: Maharashtra | O199: Amravati | P199: Dhamangaon Railway | Q199: Giroli | R199: 442302 | V199: Elligible | X199: 2024-25/417 | Z199: Not Applicable | AA199: Not Applicable | AB199: 11293 | AC199: Electrical Engineering | AD199: 281927412872
B200: 196 | C200: EN23233694 | D200: 23060361293062 | E200: =VLOOKUP(D200,Sheet2!A197:'Sheet2'!D512,2,FALSE) -> MANE SHIVENDRA ARUN | F200: 23437 | G200: Male | H200: Hindu | I200: Open | K200: ACAP | L200: Urban | M200: India | N200: Maharashtra | O200: Kolhapur | P200: Shirol | Q200: Shirol | R200: 416103 | U200: 25046/- | V200: Elligible | X200: 2023-24/418 | Z200: Not Applicable | AA200: Not Applicable | AB200: 11293 | AC200: Electrical Engineering | AD200: 732560243744
B201: 197 | C201: EN23180967 | D201: 23060361293063 | E201: =VLOOKUP(D201,Sheet2!A198:'Sheet2'!D513,2,FALSE) -> PAWAR PRAJAKTA PRAKASH | F201: 23449 | G201: Female | H201: Hindu | I201: SC | K201: GSCH | L201: Rural | M201: India | N201: Maharashtra | O201: Satara | P201: Satara | Q201: Nagthane | R201: 415519 | U201: 1621/- | V201: Elligible | X201: 2024-25/418 | Z201: Not Applicable | AA201: Not Applicable | AB201: 11293 | AC201: Electrical Engineering | AD201: 898578183763
B202: 198 | C202: EN23141820 | D202: 23060361293064 | E202: =VLOOKUP(D202,Sheet2!A199:'Sheet2'!D514,2,FALSE) -> SHINDE MAYUR BHAUSAHEB | F202: 23458 | G202: Male | H202: Hindu | I202: Open | K202: TFWS | L202: Rural | M202: India | N202: Maharashtra | O202: Pune | P202: Haveli | Q202: Uruli Kanchan | R202: 412202 | V202: Elligible | X202: 2023-24/419 | Z202: Not Applicable | AA202: Not Applicable | AB202: 11293 | AC202: Electrical Engineering | AD202: 682203517297
B203: 199 | C203: EN23223896 | D203: 23060361372001 | E203: =VLOOKUP(D203,Sheet2!A200:'Sheet2'!D515,2,FALSE) -> MALI SIDDHI ANIL | F203: 23334 | G203: Female | H203: Hindu | I203: OBC | K203: LOBCH | L203: Rural | M203: India | N203: Maharashtra | O203: Kolhapur | P203: Hatkanangle | Q203: Nagaon | R203: 416122 | U203: 10046/- | V203: Elligible | X203: 2024-25/419 | Z203: Not Applicable | AA203: Not Applicable | AB203: 11372 | AC203: Electronics and Telecommunication Engg | AD203: 607797834594
B204: 200 | C204: EN23208855 | D204: 23060361372002 | E204: =VLOOKUP(D204,Sheet2!A201:'Sheet2'!D516,2,FALSE) -> KATKAR SHRAVANI DILIP | F204: 23325 | G204: Female | H204: Hindu | I204: Open | K204: EWS | L204: Rural | M204: India | N204: Maharashtra | O204: Satara | P204: Khatav | Q204: Khatav | R204: 415505 | U204: 17546/- | V204: Elligible | X204: 2023-24/420 | Z204: Not Applicable | AA204: Not Applicable | AB204: 11372 | AC204: Electronics and Telecommunication Engg | AD204: 501787905359
B205: 201 | C205: EN23271157 | D205: 23060361372003 | E205: =VLOOKUP(D205,Sheet2!A202:'Sheet2'!D517,2,FALSE) -> PAWAR VAISHNAVI GORAKH | F205: 23351 | G205: Female | H205: Hindu | I205: OBC | K205: GOBCO | L205: Rural | M205: India | N205: Maharashtra | O205: Ahmednagar | P205: Jamkhed | Q205: Shiur | R205: 413201 | U205: 10046/- | V205: Elligible | X205: 2024-25/420 | Z205: Not Applicable | AA205: Not Applicable | AB205: 11372 | AC205: Electronics and Telecommunication Engg | AD205: 324553695596
B206: 202 | C206: EN23120668 | D206: 23060361372004 | E206: =VLOOKUP(D206,Sheet2!A203:'Sheet2'!D518,2,FALSE) -> APSHINGE SNEHA AVINASH | F206: 23302 | G206: Female | H206: Hindu | I206: Open | K206: EWS | L206: Rural | M206: India | N206: Maharashtra | O206: Satara | P206: Patan | Q206: Sonaichiwadi | R206: 415209 | U206: 17546/- | V206: Elligible | X206: 2023-24/421 | Z206: Not Applicable | AA206: Not Applicable | AB206: 11372 | AC206: Electronics and Telecommunication Engg | AD206: 668560194477
B207: 203 | C207: EN23145666 | D207: 23060361372005 | E207: =VLOOKUP(D207,Sheet2!A204:'Sheet2'!D519,2,FALSE) -> JADHAV ARTI KESHAV | F207: 23318 | G207: Female | H207: Hindu | I207: OBC | K207: LOBCH | L207: Rural | M207: India | N207: Maharashtra | O207: Sangli | P207: Atpadi | Q207: Atpadi | R207: 415301 | U207: 10046/- | V207: Elligible | X207: 2024-25/421 | Z207: Not Applicable | AA207: Not Applicable | AB207: 11372 | AC207: Electronics and Telecommunication Engg | AD207: 911186021477
B208: 204 | C208: EN23225662 | D208: 23060361372006 | E208: =VLOOKUP(D208,Sheet2!A205:'Sheet2'!D520,2,FALSE) -> SHENDURE ISHAN SANTOSH | F208: 23357 | G208: Male | H208: Hindu | I208: Open | K208: GOPENH | L208: Urban | M208: India | N208: Maharashtra | O208: Kolhapur | P208: Hatkanangle | Q208: Ichalkaranji (M Cl) | R208: 416115 | U208: 17546/- | V208: Elligible | X208: 2023-24/422 | Z208: Not Applicable | AA208: Not Applicable | AB208: 11372 | AC208: Electronics and Telecommunication Engg | AD208: 234018545757
B209: 205 | C209: EN23263695 | D209: 23060361372007 | E209: =VLOOKUP(D209,Sheet2!A206:'Sheet2'!D521,2,FALSE) -> PATIL SIDDHESH RANGRAO | F209: 23348 | G209: Male | H209: Hindu | I209: Open | K209: GOPENH | L209: Rural | M209: India | N209: Maharashtra | O209: Kolhapur | P209: Hatkanangle | Q209: Rendal | R209: 416203 | U209: 17546/- | V209: Elligible | X209: 2024-25/422 | Z209: Not Applicable | AA209: Not Applicable | AB209: 11372 | AC209: Electronics and Telecommunication Engg | AD209: 958071603652
B210: 206 | C210: EN23123180 | D210: 23060361372008 | E210: =VLOOKUP(D210,Sheet2!A207:'Sheet2'!D522,2,FALSE) -> JADHAV VIJAYA VIKAS | F210: 23321 | G210: Female | H210: Hindu | I210: Open | K210: LOPENH | L210: Rural | M210: India | N210: Maharashtra | O210: Satara | P210: Karad | Q210: Karad (rural) (CT) | R210: 415539 | U210: 17546/- | V210: Elligible | X210: 2023-24/423 | Z210: Not Applicable | AA210: Not Applicable | AB210: 11372 | AC210: Electronics and Telecommunication Engg | AD210: 792498565871
B211: 207 | C211: EN23146533 | D211: 23060361372009 | E211: =VLOOKUP(D211,Sheet2!A208:'Sheet2'!D523,2,FALSE) -> AINAPURE RUTURAJ VITTHAL | F211: 23301 | G211: Male | H211: Hindu | I211: SC | K211: GSCH | L211: Rural | M211: India | N211: Maharashtra | O211: Sangli | P211: Jat | Q211: Jat | R211: 416404 | U211: 1621/- | V211: Elligible | X211: 2024-25/423 | Z211: Not Applicable | AA211: Not Applicable | AB211: 11372 | AC211: Electronics and Telecommunication Engg | AD211: 372021089512
B212: 208 | C212: EN23250183 | D212: 23060361372010 | E212: =VLOOKUP(D212,Sheet2!A209:'Sheet2'!D524,2,FALSE) -> WAGHMARE SHRAVAN SANDIP | F212: 23366 | G212: Male | H212: Hindu | I212: SBC | K212: GOBCH | L212: Rural | M212: India | N212: Maharashtra | O212: Satara | P212: Karad | Q212: Umbraj | R212: 415109 | U212: 10046/- | V212: Elligible | X212: 2023-24/424 | Z212: Not Applicable | AA212: Not Applicable | AB212: 11372 | AC212: Electronics and Telecommunication Engg | AD212: 947519219782
B213: 209 | C213: EN23151859 | D213: 23060361372011 | E213: =VLOOKUP(D213,Sheet2!A210:'Sheet2'!D525,2,FALSE) -> SHINDE SANIKA DASHRATH | F213: 23358 | G213: Female | H213: Hindu | I213: Open | K213: LOPENO | L213: Rural | M213: India | N213: Maharashtra | O213: Solapur | P213: Barshi | Q213: Nari (Bhandewadi) | R213: 413404 | U213: 17546/- | V213: Elligible | X213: 2024-25/424 | Z213: Not Applicable | AA213: Not Applicable | AB213: 11372 | AC213: Electronics and Telecommunication Engg | AD213: 893559170033
B214: 210 | C214: EN23260623 | D214: 23060361372012 | E214: =VLOOKUP(D214,Sheet2!A211:'Sheet2'!D526,2,FALSE) -> KHATAVKAR GAURAV GORAKHNATH | F214: 23327 | G214: Male | H214: Hindu | I214: OBC | K214: PWDOPENH | L214: Urban | M214: India | N214: Maharashtra | O214: Sangli | P214: Miraj | Q214: Sangli Miraj Kupwad (M Corp.) | R214: 416410 | U214: 10046/- | V214: Elligible | X214: 2023-24/425 | Z214: Not Applicable | AA214: Not Applicable | AB214: 11372 | AC214: Electronics and Telecommunication Engg | AD214: 874781862625
B215: 211 | C215: EN23136385 | D215: 23060361372013 | E215: =VLOOKUP(D215,Sheet2!A212:'Sheet2'!D527,2,FALSE) -> PRATHMESH SUNIL PATIL | F215: 23344 | G215: Male | H215: Hindu | I215: Open | K215: GOPENH | L215: Rural | M215: India | N215: Maharashtra | O215: Satara | P215: Karad | Q215: Tambave | R215: 415114 | V215: Elligible | X215: 2024-25/425 | Z215: Not Applicable | AA215: Not Applicable | AB215: 11372 | AC215: Electronics and Telecommunication Engg | AD215: 131483873654
B216: 212 | C216: EN23146019 | D216: 23060361372014 | E216: =VLOOKUP(D216,Sheet2!A213:'Sheet2'!D528,2,FALSE) -> PATIL PRATHAMESH SANJAY | F216: 23343 | G216: Male | H216: Hindu | I216: Open | K216: ACAP | L216: Rural | M216: India | N216: Maharashtra | O216: Sangli | P216: Walwa | Q216: Kapuskhed | R216: 415409 | U216: 26046/- | V216: Elligible | X216: 2023-24/426 | Z216: Not Applicable | AA216: Not Applicable | AB216: 11372 | AC216: Electronics and Telecommunication Engg | AD216: 141011919228
B217: 213 | C217: EN23266015 | D217: 23060361372015 | E217: =VLOOKUP(D217,Sheet2!A214:'Sheet2'!D529,2,FALSE) -> JADHAV SAI MILIND | F217: 23319 | G217: Female | H217: Hindu | I217: Open | K217: LOPENH | L217: Urban | M217: India | N217: Maharashtra | O217: Kolhapur | P217: Karvir | Q217: Kolhapur (M Corp.) | R217: 416005 | U217: 17546/- | V217: Elligible | X217: 2024-25/426 | Z217: Not Applicable | AA217: Not Applicable | AB217: 11372 | AC217: Electronics and Telecommunication Engg | AD217: 144566668195
B218: 214 | C218: EN23128672 | D218: 23060361372016 | E218: =VLOOKUP(D218,Sheet2!A215:'Sheet2'!D530,2,FALSE) -> NALAWADE PIYUSH SANJAY | F218: 23338 | G218: Male | H218: Hindu | I218: Open | K218: GOPENH | L218: Rural | M218: India | N218: Maharashtra | O218: Sangli | P218: Tasgaon | Q218: Waifale | R218: 416312 | U218: 17546/- | V218: Elligible | X218: 2023-24/427 | Z218: Not Applicable | AA218: Not Applicable | AB218: 11372 | AC218: Electronics and Telecommunication Engg | AD218: 971470330714
B219: 215 | C219: EN23265168 | D219: 23060361372017 | E219: =VLOOKUP(D219,Sheet2!A216:'Sheet2'!D531,2,FALSE) -> PETHE AATREYA MANISH | F219: 23352 | G219: Male | H219: Hindu | I219: Open | K219: ACAP | L219: Urban | M219: India | N219: Maharashtra | O219: Kolhapur | P219: Karvir | Q219: Kolhapur (M Corp.) | R219: 416007 | U219: 25046/- | V219: Elligible | X219: 2024-25/427 | Z219: Not Applicable | AA219: Not Applicable | AB219: 11372 | AC219: Electronics and Telecommunication Engg | AD219: 393775432516
B220: 216 | C220: EN23230685 | D220: 23060361372018 | E220: =VLOOKUP(D220,Sheet2!A217:'Sheet2'!D532,2,FALSE) -> JADHAV VAISHNAVI RAVINDRA | F220: 23320 | G220: Female | H220: Hindu | I220: Open | K220: ACAP | L220: Rural | M220: India | N220: Maharashtra | O220: Kolhapur | P220: Karvir | Q220: Hanmantwadi | R220: 416010 | U220: 25046/- | V220: Elligible | X220: 2023-24/428 | Z220: Not Applicable | AA220: Not Applicable | AB220: 11372 | AC220: Electronics and Telecommunication Engg | AD220: 482705038412
B221: 217 | C221: EN23214809 | D221: 23060361372019 | E221: =VLOOKUP(D221,Sheet2!A218:'Sheet2'!D533,2,FALSE) -> REPE BHOOMIKA SANDEEP | F221: 23354 | G221: Female | H221: Hindu | I221: Open | K221: ACAP | L221: Rural | M221: India | N221: Maharashtra | O221: Kolhapur | P221: Karvir | Q221: Walivade | R221: 416119 | U221: 25046/- | V221: Elligible | X221: 2024-25/428 | Z221: Not Applicable | AA221: Not Applicable | AB221: 11372 | AC221: Electronics and Telecommunication Engg | AD221: 964840029121
B222: 218 | C222: EN23104385 | D222: 23060361372020 | E222: =VLOOKUP(D222,Sheet2!A219:'Sheet2'!D534,2,FALSE) -> MORE ANIRUDH ARUN | F222: 23336 | G222: Male | H222: Hindu | I222: OBC | K222: GOPENH | L222: Rural | M222: India | N222: Maharashtra | O222: Kolhapur | P222: Panhala | Q222: Devthane | R222: 416205 | U222: 10046/- | V222: Elligible | X222: 2023-24/429 | Z222: Not Applicable | AA222: Not Applicable | AB222: 11372 | AC222: Electronics and Telecommunication Engg | AD222: 627037218739
B223: 219 | C223: EN23178400 | D223: 23060361372021 | E223: =VLOOKUP(D223,Sheet2!A220:'Sheet2'!D535,2,FALSE) -> MALI DARSHAN MARUTI | F223: 23333 | G223: Male | H223: Hindu | I223: OBC | K223: GOBCH | L223: Rural | M223: India | N223: Maharashtra | O223: Sangli | P223: Miraj | Q223: Bedag | R223: 416410 | U223: 10046/- | V223: Elligible | X223: 2024-25/429 | Z223: Not Applicable | AA223: Not Applicable | AB223: 11372 | AC223: Electronics and Telecommunication Engg | AD223: 922402740568
B224: 220 | C224: EN23218931 | D224: 23060361372022 | E224: =VLOOKUP(D224,Sheet2!A221:'Sheet2'!D536,2,FALSE) -> MUNOT CHIRAG ABHAY | F224: 23337 | G224: Male | H224: Jain | I224: Open | K224: GOPENH | L224: Urban | M224: India | N224: Maharashtra | O224: Kolhapur | P224: Hatkanangle | Q224: Ichalkaranji (M Cl) | R224: 416115 | U224: 17546/- | V224: Elligible | X224: 2023-24/430 | Z224: Not Applicable | AA224: Not Applicable | AB224: 11372 | AC224: Electronics and Telecommunication Engg | AD224: 990231461881
B225: 221 | C225: EN23167750 | D225: 23060361372023 | E225: =VLOOKUP(D225,Sheet2!A222:'Sheet2'!D537,2,FALSE) -> VHARE PRADNYA LINGAPPA | F225: 23364 | G225: Female | H225: Hindu | I225: NT 2 (NT-C) | K225: LNT2H | L225: Rural | M225: India | N225: Maharashtra | O225: Kolhapur | P225: Kagal | Q225: Kaulage | R225: 416235 | U225: 10046/- | V225: Elligible | X225: 2024-25/430 | Z225: Not Applicable | AA225: Not Applicable | AB225: 11372 | AC225: Electronics and Telecommunication Engg | AD225: 960888462782
B226: 222 | C226: EN23127355 | D226: 23060361372024 | E226: =VLOOKUP(D226,Sheet2!A223:'Sheet2'!D538,2,FALSE) -> OM AJAY SINGH | F226: 23359 | G226: Male | H226: Hindu | I226: Open | K226: LSTH | L226: Urban | M226: India | N226: Maharashtra | O226: Bulandshahr | P226: Not Applicable | Q226: Not Applicable | R226: 203001 | U226: 25046/- | V226: Elligible | X226: 2023-24/431 | Z226: Not Applicable | AA226: Not Applicable | AB226: 11372 | AC226: Electronics and Telecommunication Engg | AD226: 869494355565
B227: 223 | C227: EN23199579 | D227: 23060361372025 | E227: =VLOOKUP(D227,Sheet2!A224:'Sheet2'!D539,2,FALSE) -> BHARNE SIYAL DINESH | F227: 23305 | G227: Male | H227: Buddhist | I227: SC | K227: GSCO | L227: Rural | M227: India | N227: Maharashtra | O227: Wardha | P227: Hinganghat | Q227: Hinganghat (M Cl) | R227: 442301 | U227: 1621/- | V227: Elligible | X227: 2024-25/431 | Z227: Not Applicable | AA227: Not Applicable | AB227: 11372 | AC227: Electronics and Telecommunication Engg | AD227: 399006746790
... B319: 315 | C319: EN23163703 | D319: 23060361615051 | E319: =VLOOKUP(D319,Sheet2!A316:'Sheet2'!D631,2,FALSE) -> GALAVE SUSHANT SHIVAJI | F319: 23509 | G319: Male | H319: Hindu | I319: OBC | K319: ACAP | L319: Rural | M319: India | N319: Maharashtra | O319: Sangli | P319: Atpadi | Q319: Galavewadi | R319: 415315 | U319: 25046/- | V319: Not Elligible | X319: 2024-25/477 | Z319: Not Applicable | AA319: Not Applicable | AB319: 11615 | AC319: Mechanical & Automation Engineering | AD319: 740085369042

Sheet Sheet2
A2: 23060361242001 | B2: PATIL SHIVTEJ JAYPRAKASH | D2: 23149
A3: 23060361242002 | B3: PATIL NIRMAL RAJENDRA | D3: 23146
A4: 23060361242003 | B4: DESHMUKH SUSHRUT SHEKHAR | D4: 23108
A5: 23060361242004 | B5: HITESH CHANDRAKANT BHUSARA | D5: 23112
A6: 23060361242005 | B6: PUKALE AJAY SUNIL | D6: 23154
A7: 23060361242006 | B7: THITE ATUL NETAJI | D7: 23167
A8: 23060361242007 | B8: INAMDAR BHAGYASHRI UMESH | D8: 23115
A9: 23060361242008 | B9: INAMDAR AFFAN SAIF | D9: 23114
A10: 23060361242009 | B10: MADAVI HARSH LAXMAN | D10: 23135
A11: 23060361242010 | B11: MANKAR PRANAV GAJANAN | D11: 23136
A12: 23060361242011 | B12: CHOUGULE DIPALI NAVANATH | D12: 23106
A13: 23060361242012 | B13: BODKHE OM KAILAS | D13: 23104
... A317: 23060361615051 | B317: GALAVE SUSHANT SHIVAJI | D317: 23509
A318: #N/A | B318: PATIL SAIRAJ DIVAKAR | D318: #N/A
A319: #N/A | B319: BHISE PRADIP PRABHAKAR | D319: #N/A
A320: #N/A | B320: KAKADE RAVINA DINESH | D320: #N/A
A321: #N/A | B321: SURYAWANSHI GOVIND RAJESH | D321: #N/A
A322: 0 | B322: INGALE VIJAY SUNIL | D322: 0
A323: 0 | B323: SANGALE NARAYAN NAVNATH | D323: 0
